Copyright 1986-2022 Xilinx, Inc. All Rights Reserved. Copyright 2022-2025 Advanced Micro Devices, Inc. All Rights Reserved.
-----------------------------------------------------------------------------------------------------------------------------------------------------------------------------------
| Tool Version : Vivado v.2025.2 (lin64) Build 6299465 Fri Nov 14 12:34:56 MST 2025
| Date         : Mon Apr 27 17:32:15 2026
| Host         : xanadu running 64-bit Manjaro Linux
| Command      : report_timing -max_paths 20 -delay_type max -sort_by group -input_pins -file /data/claude_sandbox/CRYSTALS-Kyber/Crystals-kyber/audit_reports/top20_max_paths.rpt
| Design       : Kyber_Client
| Device       : 7a12t-cpg238
| Speed File   : -1  PRODUCTION 1.23 2018-06-13
| Design State : Synthesized
-----------------------------------------------------------------------------------------------------------------------------------------------------------------------------------

Timing Report

Slack (MET) :             0.089ns  (required time - arrival time)
  Source:                 ntt/ctr_k_reg[4]/C
                            (rising edge-triggered cell FDRE clocked by clk  {rise@0.000ns fall@3.000ns period=6.000ns})
  Destination:            ntt/ctr_i_reg[0]/CE
                            (rising edge-triggered cell FDRE clocked by clk  {rise@0.000ns fall@3.000ns period=6.000ns})
  Path Group:             clk
  Path Type:              Setup (Max at Slow Process Corner)
  Requirement:            6.000ns  (clk rise@6.000ns - clk rise@0.000ns)
  Data Path Delay:        5.355ns  (logic 1.510ns (28.198%)  route 3.845ns (71.802%))
  Logic Levels:           6  (LUT4=1 LUT5=1 LUT6=3 MUXF7=1)
  Clock Path Skew:        -0.145ns (DCD - SCD + CPR)
    Destination Clock Delay (DCD):    2.075ns = ( 8.075 - 6.000 ) 
    Source Clock Delay      (SCD):    2.398ns
    Clock Pessimism Removal (CPR):    0.178ns
  Clock Uncertainty:      0.035ns  ((TSJ^2 + TIJ^2)^1/2 + DJ) / 2 + PE
    Total System Jitter     (TSJ):    0.071ns
    Total Input Jitter      (TIJ):    0.000ns
    Discrete Jitter          (DJ):    0.000ns
    Phase Error              (PE):    0.000ns

    Location             Delay type                Incr(ns)  Path(ns)    Netlist Resource(s)
  -------------------------------------------------------------------    -------------------
                         (clock clk rise edge)        0.000     0.000 r  
                                                      0.000     0.000 r  clk (IN)
                         net (fo=0)                   0.000     0.000    clk
                                                                      r  clk_IBUF_inst/I
                         IBUF (Prop_ibuf_I_O)         0.918     0.918 r  clk_IBUF_inst/O
                         net (fo=1, unplaced)         0.800     1.718    clk_IBUF
                                                                      r  clk_IBUF_BUFG_inst/I
                         BUFG (Prop_bufg_I_O)         0.096     1.814 r  clk_IBUF_BUFG_inst/O
                         net (fo=5400, unplaced)      0.584     2.398    ntt/clk_IBUF_BUFG
                         FDRE                                         r  ntt/ctr_k_reg[4]/C
  -------------------------------------------------------------------    -------------------
                         FDRE (Prop_fdre_C_Q)         0.478     2.876 r  ntt/ctr_k_reg[4]/Q
                         net (fo=11, unplaced)        1.011     3.887    ntt/ctr_k[4]
                                                                      r  ntt/ctr_k[6]_i_3/I0
                         LUT6 (Prop_lut6_I0_O)        0.295     4.182 r  ntt/ctr_k[6]_i_3/O
                         net (fo=7, unplaced)         0.454     4.636    ntt/ctr_k[6]_i_3_n_0
                                                                      r  ntt/ctr_j[5]_i_8/I1
                         LUT4 (Prop_lut4_I1_O)        0.124     4.760 f  ntt/ctr_j[5]_i_8/O
                         net (fo=1, unplaced)         0.449     5.209    ntt/ctr_j[5]_i_8_n_0
                                                                      f  ntt/ctr_j[5]_i_4/I5
                         LUT6 (Prop_lut6_I5_O)        0.124     5.333 f  ntt/ctr_j[5]_i_4/O
                         net (fo=9, unplaced)         0.943     6.276    ntt/ctr_j[5]_i_4_n_0
                                                                      f  ntt/ctr_i[6]_i_5/I0
                         LUT5 (Prop_lut5_I0_O)        0.124     6.400 f  ntt/ctr_i[6]_i_5/O
                         net (fo=5, unplaced)         0.477     6.877    ntt/ctr_i[6]_i_5_n_0
                                                                      f  ntt/ctr_i[6]_i_3/I2
                         LUT6 (Prop_lut6_I2_O)        0.124     7.001 r  ntt/ctr_i[6]_i_3/O
                         net (fo=1, unplaced)         0.000     7.001    ntt/ctr_i[6]_i_3_n_0
                                                                      r  ntt/ctr_i_reg[6]_i_1/I0
                         MUXF7 (Prop_muxf7_I0_O)      0.241     7.242 r  ntt/ctr_i_reg[6]_i_1/O
                         net (fo=7, unplaced)         0.511     7.753    ntt/ctr_i[0]
                         FDRE                                         r  ntt/ctr_i_reg[0]/CE
  -------------------------------------------------------------------    -------------------

                         (clock clk rise edge)        6.000     6.000 r  
                                                      0.000     6.000 r  clk (IN)
                         net (fo=0)                   0.000     6.000    clk
                                                                      r  clk_IBUF_inst/I
                         IBUF (Prop_ibuf_I_O)         0.785     6.785 r  clk_IBUF_inst/O
                         net (fo=1, unplaced)         0.760     7.545    clk_IBUF
                                                                      r  clk_IBUF_BUFG_inst/I
                         BUFG (Prop_bufg_I_O)         0.091     7.636 r  clk_IBUF_BUFG_inst/O
                         net (fo=5400, unplaced)      0.439     8.075    ntt/clk_IBUF_BUFG
                         FDRE                                         r  ntt/ctr_i_reg[0]/C
                         clock pessimism              0.178     8.253    
                         clock uncertainty           -0.035     8.217    
                         FDRE (Setup_fdre_C_CE)      -0.376     7.841    ntt/ctr_i_reg[0]
  -------------------------------------------------------------------
                         required time                          7.841    
                         arrival time                          -7.753    
  -------------------------------------------------------------------
                         slack                                  0.089    

Slack (MET) :             0.089ns  (required time - arrival time)
  Source:                 ntt/ctr_k_reg[4]/C
                            (rising edge-triggered cell FDRE clocked by clk  {rise@0.000ns fall@3.000ns period=6.000ns})
  Destination:            ntt/ctr_i_reg[1]/CE
                            (rising edge-triggered cell FDRE clocked by clk  {rise@0.000ns fall@3.000ns period=6.000ns})
  Path Group:             clk
  Path Type:              Setup (Max at Slow Process Corner)
  Requirement:            6.000ns  (clk rise@6.000ns - clk rise@0.000ns)
  Data Path Delay:        5.355ns  (logic 1.510ns (28.198%)  route 3.845ns (71.802%))
  Logic Levels:           6  (LUT4=1 LUT5=1 LUT6=3 MUXF7=1)
  Clock Path Skew:        -0.145ns (DCD - SCD + CPR)
    Destination Clock Delay (DCD):    2.075ns = ( 8.075 - 6.000 ) 
    Source Clock Delay      (SCD):    2.398ns
    Clock Pessimism Removal (CPR):    0.178ns
  Clock Uncertainty:      0.035ns  ((TSJ^2 + TIJ^2)^1/2 + DJ) / 2 + PE
    Total System Jitter     (TSJ):    0.071ns
    Total Input Jitter      (TIJ):    0.000ns
    Discrete Jitter          (DJ):    0.000ns
    Phase Error              (PE):    0.000ns

    Location             Delay type                Incr(ns)  Path(ns)    Netlist Resource(s)
  -------------------------------------------------------------------    -------------------
                         (clock clk rise edge)        0.000     0.000 r  
                                                      0.000     0.000 r  clk (IN)
                         net (fo=0)                   0.000     0.000    clk
                                                                      r  clk_IBUF_inst/I
                         IBUF (Prop_ibuf_I_O)         0.918     0.918 r  clk_IBUF_inst/O
                         net (fo=1, unplaced)         0.800     1.718    clk_IBUF
                                                                      r  clk_IBUF_BUFG_inst/I
                         BUFG (Prop_bufg_I_O)         0.096     1.814 r  clk_IBUF_BUFG_inst/O
                         net (fo=5400, unplaced)      0.584     2.398    ntt/clk_IBUF_BUFG
                         FDRE                                         r  ntt/ctr_k_reg[4]/C
  -------------------------------------------------------------------    -------------------
                         FDRE (Prop_fdre_C_Q)         0.478     2.876 r  ntt/ctr_k_reg[4]/Q
                         net (fo=11, unplaced)        1.011     3.887    ntt/ctr_k[4]
                                                                      r  ntt/ctr_k[6]_i_3/I0
                         LUT6 (Prop_lut6_I0_O)        0.295     4.182 r  ntt/ctr_k[6]_i_3/O
                         net (fo=7, unplaced)         0.454     4.636    ntt/ctr_k[6]_i_3_n_0
                                                                      r  ntt/ctr_j[5]_i_8/I1
                         LUT4 (Prop_lut4_I1_O)        0.124     4.760 f  ntt/ctr_j[5]_i_8/O
                         net (fo=1, unplaced)         0.449     5.209    ntt/ctr_j[5]_i_8_n_0
                                                                      f  ntt/ctr_j[5]_i_4/I5
                         LUT6 (Prop_lut6_I5_O)        0.124     5.333 f  ntt/ctr_j[5]_i_4/O
                         net (fo=9, unplaced)         0.943     6.276    ntt/ctr_j[5]_i_4_n_0
                                                                      f  ntt/ctr_i[6]_i_5/I0
                         LUT5 (Prop_lut5_I0_O)        0.124     6.400 f  ntt/ctr_i[6]_i_5/O
                         net (fo=5, unplaced)         0.477     6.877    ntt/ctr_i[6]_i_5_n_0
                                                                      f  ntt/ctr_i[6]_i_3/I2
                         LUT6 (Prop_lut6_I2_O)        0.124     7.001 r  ntt/ctr_i[6]_i_3/O
                         net (fo=1, unplaced)         0.000     7.001    ntt/ctr_i[6]_i_3_n_0
                                                                      r  ntt/ctr_i_reg[6]_i_1/I0
                         MUXF7 (Prop_muxf7_I0_O)      0.241     7.242 r  ntt/ctr_i_reg[6]_i_1/O
                         net (fo=7, unplaced)         0.511     7.753    ntt/ctr_i[0]
                         FDRE                                         r  ntt/ctr_i_reg[1]/CE
  -------------------------------------------------------------------    -------------------

                         (clock clk rise edge)        6.000     6.000 r  
                                                      0.000     6.000 r  clk (IN)
                         net (fo=0)                   0.000     6.000    clk
                                                                      r  clk_IBUF_inst/I
                         IBUF (Prop_ibuf_I_O)         0.785     6.785 r  clk_IBUF_inst/O
                         net (fo=1, unplaced)         0.760     7.545    clk_IBUF
                                                                      r  clk_IBUF_BUFG_inst/I
                         BUFG (Prop_bufg_I_O)         0.091     7.636 r  clk_IBUF_BUFG_inst/O
                         net (fo=5400, unplaced)      0.439     8.075    ntt/clk_IBUF_BUFG
                         FDRE                                         r  ntt/ctr_i_reg[1]/C
                         clock pessimism              0.178     8.253    
                         clock uncertainty           -0.035     8.217    
                         FDRE (Setup_fdre_C_CE)      -0.376     7.841    ntt/ctr_i_reg[1]
  -------------------------------------------------------------------
                         required time                          7.841    
                         arrival time                          -7.753    
  -------------------------------------------------------------------
                         slack                                  0.089    

Slack (MET) :             0.089ns  (required time - arrival time)
  Source:                 ntt/ctr_k_reg[4]/C
                            (rising edge-triggered cell FDRE clocked by clk  {rise@0.000ns fall@3.000ns period=6.000ns})
  Destination:            ntt/ctr_i_reg[2]/CE
                            (rising edge-triggered cell FDRE clocked by clk  {rise@0.000ns fall@3.000ns period=6.000ns})
  Path Group:             clk
  Path Type:              Setup (Max at Slow Process Corner)
  Requirement:            6.000ns  (clk rise@6.000ns - clk rise@0.000ns)
  Data Path Delay:        5.355ns  (logic 1.510ns (28.198%)  route 3.845ns (71.802%))
  Logic Levels:           6  (LUT4=1 LUT5=1 LUT6=3 MUXF7=1)
  Clock Path Skew:        -0.145ns (DCD - SCD + CPR)
    Destination Clock Delay (DCD):    2.075ns = ( 8.075 - 6.000 ) 
    Source Clock Delay      (SCD):    2.398ns
    Clock Pessimism Removal (CPR):    0.178ns
  Clock Uncertainty:      0.035ns  ((TSJ^2 + TIJ^2)^1/2 + DJ) / 2 + PE
    Total System Jitter     (TSJ):    0.071ns
    Total Input Jitter      (TIJ):    0.000ns
    Discrete Jitter          (DJ):    0.000ns
    Phase Error              (PE):    0.000ns

    Location             Delay type                Incr(ns)  Path(ns)    Netlist Resource(s)
  -------------------------------------------------------------------    -------------------
                         (clock clk rise edge)        0.000     0.000 r  
                                                      0.000     0.000 r  clk (IN)
                         net (fo=0)                   0.000     0.000    clk
                                                                      r  clk_IBUF_inst/I
                         IBUF (Prop_ibuf_I_O)         0.918     0.918 r  clk_IBUF_inst/O
                         net (fo=1, unplaced)         0.800     1.718    clk_IBUF
                                                                      r  clk_IBUF_BUFG_inst/I
                         BUFG (Prop_bufg_I_O)         0.096     1.814 r  clk_IBUF_BUFG_inst/O
                         net (fo=5400, unplaced)      0.584     2.398    ntt/clk_IBUF_BUFG
                         FDRE                                         r  ntt/ctr_k_reg[4]/C
  -------------------------------------------------------------------    -------------------
                         FDRE (Prop_fdre_C_Q)         0.478     2.876 r  ntt/ctr_k_reg[4]/Q
                         net (fo=11, unplaced)        1.011     3.887    ntt/ctr_k[4]
                                                                      r  ntt/ctr_k[6]_i_3/I0
                         LUT6 (Prop_lut6_I0_O)        0.295     4.182 r  ntt/ctr_k[6]_i_3/O
                         net (fo=7, unplaced)         0.454     4.636    ntt/ctr_k[6]_i_3_n_0
                                                                      r  ntt/ctr_j[5]_i_8/I1
                         LUT4 (Prop_lut4_I1_O)        0.124     4.760 f  ntt/ctr_j[5]_i_8/O
                         net (fo=1, unplaced)         0.449     5.209    ntt/ctr_j[5]_i_8_n_0
                                                                      f  ntt/ctr_j[5]_i_4/I5
                         LUT6 (Prop_lut6_I5_O)        0.124     5.333 f  ntt/ctr_j[5]_i_4/O
                         net (fo=9, unplaced)         0.943     6.276    ntt/ctr_j[5]_i_4_n_0
                                                                      f  ntt/ctr_i[6]_i_5/I0
                         LUT5 (Prop_lut5_I0_O)        0.124     6.400 f  ntt/ctr_i[6]_i_5/O
                         net (fo=5, unplaced)         0.477     6.877    ntt/ctr_i[6]_i_5_n_0
                                                                      f  ntt/ctr_i[6]_i_3/I2
                         LUT6 (Prop_lut6_I2_O)        0.124     7.001 r  ntt/ctr_i[6]_i_3/O
                         net (fo=1, unplaced)         0.000     7.001    ntt/ctr_i[6]_i_3_n_0
                                                                      r  ntt/ctr_i_reg[6]_i_1/I0
                         MUXF7 (Prop_muxf7_I0_O)      0.241     7.242 r  ntt/ctr_i_reg[6]_i_1/O
                         net (fo=7, unplaced)         0.511     7.753    ntt/ctr_i[0]
                         FDRE                                         r  ntt/ctr_i_reg[2]/CE
  -------------------------------------------------------------------    -------------------

                         (clock clk rise edge)        6.000     6.000 r  
                                                      0.000     6.000 r  clk (IN)
                         net (fo=0)                   0.000     6.000    clk
                                                                      r  clk_IBUF_inst/I
                         IBUF (Prop_ibuf_I_O)         0.785     6.785 r  clk_IBUF_inst/O
                         net (fo=1, unplaced)         0.760     7.545    clk_IBUF
                                                                      r  clk_IBUF_BUFG_inst/I
                         BUFG (Prop_bufg_I_O)         0.091     7.636 r  clk_IBUF_BUFG_inst/O
                         net (fo=5400, unplaced)      0.439     8.075    ntt/clk_IBUF_BUFG
                         FDRE                                         r  ntt/ctr_i_reg[2]/C
                         clock pessimism              0.178     8.253    
                         clock uncertainty           -0.035     8.217    
                         FDRE (Setup_fdre_C_CE)      -0.376     7.841    ntt/ctr_i_reg[2]
  -------------------------------------------------------------------
                         required time                          7.841    
                         arrival time                          -7.753    
  -------------------------------------------------------------------
                         slack                                  0.089    

Slack (MET) :             0.089ns  (required time - arrival time)
  Source:                 ntt/ctr_k_reg[4]/C
                            (rising edge-triggered cell FDRE clocked by clk  {rise@0.000ns fall@3.000ns period=6.000ns})
  Destination:            ntt/ctr_i_reg[3]/CE
                            (rising edge-triggered cell FDRE clocked by clk  {rise@0.000ns fall@3.000ns period=6.000ns})
  Path Group:             clk
  Path Type:              Setup (Max at Slow Process Corner)
  Requirement:            6.000ns  (clk rise@6.000ns - clk rise@0.000ns)
  Data Path Delay:        5.355ns  (logic 1.510ns (28.198%)  route 3.845ns (71.802%))
  Logic Levels:           6  (LUT4=1 LUT5=1 LUT6=3 MUXF7=1)
  Clock Path Skew:        -0.145ns (DCD - SCD + CPR)
    Destination Clock Delay (DCD):    2.075ns = ( 8.075 - 6.000 ) 
    Source Clock Delay      (SCD):    2.398ns
    Clock Pessimism Removal (CPR):    0.178ns
  Clock Uncertainty:      0.035ns  ((TSJ^2 + TIJ^2)^1/2 + DJ) / 2 + PE
    Total System Jitter     (TSJ):    0.071ns
    Total Input Jitter      (TIJ):    0.000ns
    Discrete Jitter          (DJ):    0.000ns
    Phase Error              (PE):    0.000ns

    Location             Delay type                Incr(ns)  Path(ns)    Netlist Resource(s)
  -------------------------------------------------------------------    -------------------
                         (clock clk rise edge)        0.000     0.000 r  
                                                      0.000     0.000 r  clk (IN)
                         net (fo=0)                   0.000     0.000    clk
                                                                      r  clk_IBUF_inst/I
                         IBUF (Prop_ibuf_I_O)         0.918     0.918 r  clk_IBUF_inst/O
                         net (fo=1, unplaced)         0.800     1.718    clk_IBUF
                                                                      r  clk_IBUF_BUFG_inst/I
                         BUFG (Prop_bufg_I_O)         0.096     1.814 r  clk_IBUF_BUFG_inst/O
                         net (fo=5400, unplaced)      0.584     2.398    ntt/clk_IBUF_BUFG
                         FDRE                                         r  ntt/ctr_k_reg[4]/C
  -------------------------------------------------------------------    -------------------
                         FDRE (Prop_fdre_C_Q)         0.478     2.876 r  ntt/ctr_k_reg[4]/Q
                         net (fo=11, unplaced)        1.011     3.887    ntt/ctr_k[4]
                                                                      r  ntt/ctr_k[6]_i_3/I0
                         LUT6 (Prop_lut6_I0_O)        0.295     4.182 r  ntt/ctr_k[6]_i_3/O
                         net (fo=7, unplaced)         0.454     4.636    ntt/ctr_k[6]_i_3_n_0
                                                                      r  ntt/ctr_j[5]_i_8/I1
                         LUT4 (Prop_lut4_I1_O)        0.124     4.760 f  ntt/ctr_j[5]_i_8/O
                         net (fo=1, unplaced)         0.449     5.209    ntt/ctr_j[5]_i_8_n_0
                                                                      f  ntt/ctr_j[5]_i_4/I5
                         LUT6 (Prop_lut6_I5_O)        0.124     5.333 f  ntt/ctr_j[5]_i_4/O
                         net (fo=9, unplaced)         0.943     6.276    ntt/ctr_j[5]_i_4_n_0
                                                                      f  ntt/ctr_i[6]_i_5/I0
                         LUT5 (Prop_lut5_I0_O)        0.124     6.400 f  ntt/ctr_i[6]_i_5/O
                         net (fo=5, unplaced)         0.477     6.877    ntt/ctr_i[6]_i_5_n_0
                                                                      f  ntt/ctr_i[6]_i_3/I2
                         LUT6 (Prop_lut6_I2_O)        0.124     7.001 r  ntt/ctr_i[6]_i_3/O
                         net (fo=1, unplaced)         0.000     7.001    ntt/ctr_i[6]_i_3_n_0
                                                                      r  ntt/ctr_i_reg[6]_i_1/I0
                         MUXF7 (Prop_muxf7_I0_O)      0.241     7.242 r  ntt/ctr_i_reg[6]_i_1/O
                         net (fo=7, unplaced)         0.511     7.753    ntt/ctr_i[0]
                         FDRE                                         r  ntt/ctr_i_reg[3]/CE
  -------------------------------------------------------------------    -------------------

                         (clock clk rise edge)        6.000     6.000 r  
                                                      0.000     6.000 r  clk (IN)
                         net (fo=0)                   0.000     6.000    clk
                                                                      r  clk_IBUF_inst/I
                         IBUF (Prop_ibuf_I_O)         0.785     6.785 r  clk_IBUF_inst/O
                         net (fo=1, unplaced)         0.760     7.545    clk_IBUF
                                                                      r  clk_IBUF_BUFG_inst/I
                         BUFG (Prop_bufg_I_O)         0.091     7.636 r  clk_IBUF_BUFG_inst/O
                         net (fo=5400, unplaced)      0.439     8.075    ntt/clk_IBUF_BUFG
                         FDRE                                         r  ntt/ctr_i_reg[3]/C
                         clock pessimism              0.178     8.253    
                         clock uncertainty           -0.035     8.217    
                         FDRE (Setup_fdre_C_CE)      -0.376     7.841    ntt/ctr_i_reg[3]
  -------------------------------------------------------------------
                         required time                          7.841    
                         arrival time                          -7.753    
  -------------------------------------------------------------------
                         slack                                  0.089    

Slack (MET) :             0.089ns  (required time - arrival time)
  Source:                 ntt/ctr_k_reg[4]/C
                            (rising edge-triggered cell FDRE clocked by clk  {rise@0.000ns fall@3.000ns period=6.000ns})
  Destination:            ntt/ctr_i_reg[4]/CE
                            (rising edge-triggered cell FDRE clocked by clk  {rise@0.000ns fall@3.000ns period=6.000ns})
  Path Group:             clk
  Path Type:              Setup (Max at Slow Process Corner)
  Requirement:            6.000ns  (clk rise@6.000ns - clk rise@0.000ns)
  Data Path Delay:        5.355ns  (logic 1.510ns (28.198%)  route 3.845ns (71.802%))
  Logic Levels:           6  (LUT4=1 LUT5=1 LUT6=3 MUXF7=1)
  Clock Path Skew:        -0.145ns (DCD - SCD + CPR)
    Destination Clock Delay (DCD):    2.075ns = ( 8.075 - 6.000 ) 
    Source Clock Delay      (SCD):    2.398ns
    Clock Pessimism Removal (CPR):    0.178ns
  Clock Uncertainty:      0.035ns  ((TSJ^2 + TIJ^2)^1/2 + DJ) / 2 + PE
    Total System Jitter     (TSJ):    0.071ns
    Total Input Jitter      (TIJ):    0.000ns
    Discrete Jitter          (DJ):    0.000ns
    Phase Error              (PE):    0.000ns

    Location             Delay type                Incr(ns)  Path(ns)    Netlist Resource(s)
  -------------------------------------------------------------------    -------------------
                         (clock clk rise edge)        0.000     0.000 r  
                                                      0.000     0.000 r  clk (IN)
                         net (fo=0)                   0.000     0.000    clk
                                                                      r  clk_IBUF_inst/I
                         IBUF (Prop_ibuf_I_O)         0.918     0.918 r  clk_IBUF_inst/O
                         net (fo=1, unplaced)         0.800     1.718    clk_IBUF
                                                                      r  clk_IBUF_BUFG_inst/I
                         BUFG (Prop_bufg_I_O)         0.096     1.814 r  clk_IBUF_BUFG_inst/O
                         net (fo=5400, unplaced)      0.584     2.398    ntt/clk_IBUF_BUFG
                         FDRE                                         r  ntt/ctr_k_reg[4]/C
  -------------------------------------------------------------------    -------------------
                         FDRE (Prop_fdre_C_Q)         0.478     2.876 r  ntt/ctr_k_reg[4]/Q
                         net (fo=11, unplaced)        1.011     3.887    ntt/ctr_k[4]
                                                                      r  ntt/ctr_k[6]_i_3/I0
                         LUT6 (Prop_lut6_I0_O)        0.295     4.182 r  ntt/ctr_k[6]_i_3/O
                         net (fo=7, unplaced)         0.454     4.636    ntt/ctr_k[6]_i_3_n_0
                                                                      r  ntt/ctr_j[5]_i_8/I1
                         LUT4 (Prop_lut4_I1_O)        0.124     4.760 f  ntt/ctr_j[5]_i_8/O
                         net (fo=1, unplaced)         0.449     5.209    ntt/ctr_j[5]_i_8_n_0
                                                                      f  ntt/ctr_j[5]_i_4/I5
                         LUT6 (Prop_lut6_I5_O)        0.124     5.333 f  ntt/ctr_j[5]_i_4/O
                         net (fo=9, unplaced)         0.943     6.276    ntt/ctr_j[5]_i_4_n_0
                                                                      f  ntt/ctr_i[6]_i_5/I0
                         LUT5 (Prop_lut5_I0_O)        0.124     6.400 f  ntt/ctr_i[6]_i_5/O
                         net (fo=5, unplaced)         0.477     6.877    ntt/ctr_i[6]_i_5_n_0
                                                                      f  ntt/ctr_i[6]_i_3/I2
                         LUT6 (Prop_lut6_I2_O)        0.124     7.001 r  ntt/ctr_i[6]_i_3/O
                         net (fo=1, unplaced)         0.000     7.001    ntt/ctr_i[6]_i_3_n_0
                                                                      r  ntt/ctr_i_reg[6]_i_1/I0
                         MUXF7 (Prop_muxf7_I0_O)      0.241     7.242 r  ntt/ctr_i_reg[6]_i_1/O
                         net (fo=7, unplaced)         0.511     7.753    ntt/ctr_i[0]
                         FDRE                                         r  ntt/ctr_i_reg[4]/CE
  -------------------------------------------------------------------    -------------------

                         (clock clk rise edge)        6.000     6.000 r  
                                                      0.000     6.000 r  clk (IN)
                         net (fo=0)                   0.000     6.000    clk
                                                                      r  clk_IBUF_inst/I
                         IBUF (Prop_ibuf_I_O)         0.785     6.785 r  clk_IBUF_inst/O
                         net (fo=1, unplaced)         0.760     7.545    clk_IBUF
                                                                      r  clk_IBUF_BUFG_inst/I
                         BUFG (Prop_bufg_I_O)         0.091     7.636 r  clk_IBUF_BUFG_inst/O
                         net (fo=5400, unplaced)      0.439     8.075    ntt/clk_IBUF_BUFG
                         FDRE                                         r  ntt/ctr_i_reg[4]/C
                         clock pessimism              0.178     8.253    
                         clock uncertainty           -0.035     8.217    
                         FDRE (Setup_fdre_C_CE)      -0.376     7.841    ntt/ctr_i_reg[4]
  -------------------------------------------------------------------
                         required time                          7.841    
                         arrival time                          -7.753    
  -------------------------------------------------------------------
                         slack                                  0.089    

Slack (MET) :             0.089ns  (required time - arrival time)
  Source:                 ntt/ctr_k_reg[4]/C
                            (rising edge-triggered cell FDRE clocked by clk  {rise@0.000ns fall@3.000ns period=6.000ns})
  Destination:            ntt/ctr_i_reg[5]/CE
                            (rising edge-triggered cell FDRE clocked by clk  {rise@0.000ns fall@3.000ns period=6.000ns})
  Path Group:             clk
  Path Type:              Setup (Max at Slow Process Corner)
  Requirement:            6.000ns  (clk rise@6.000ns - clk rise@0.000ns)
  Data Path Delay:        5.355ns  (logic 1.510ns (28.198%)  route 3.845ns (71.802%))
  Logic Levels:           6  (LUT4=1 LUT5=1 LUT6=3 MUXF7=1)
  Clock Path Skew:        -0.145ns (DCD - SCD + CPR)
    Destination Clock Delay (DCD):    2.075ns = ( 8.075 - 6.000 ) 
    Source Clock Delay      (SCD):    2.398ns
    Clock Pessimism Removal (CPR):    0.178ns
  Clock Uncertainty:      0.035ns  ((TSJ^2 + TIJ^2)^1/2 + DJ) / 2 + PE
    Total System Jitter     (TSJ):    0.071ns
    Total Input Jitter      (TIJ):    0.000ns
    Discrete Jitter          (DJ):    0.000ns
    Phase Error              (PE):    0.000ns

    Location             Delay type                Incr(ns)  Path(ns)    Netlist Resource(s)
  -------------------------------------------------------------------    -------------------
                         (clock clk rise edge)        0.000     0.000 r  
                                                      0.000     0.000 r  clk (IN)
                         net (fo=0)                   0.000     0.000    clk
                                                                      r  clk_IBUF_inst/I
                         IBUF (Prop_ibuf_I_O)         0.918     0.918 r  clk_IBUF_inst/O
                         net (fo=1, unplaced)         0.800     1.718    clk_IBUF
                                                                      r  clk_IBUF_BUFG_inst/I
                         BUFG (Prop_bufg_I_O)         0.096     1.814 r  clk_IBUF_BUFG_inst/O
                         net (fo=5400, unplaced)      0.584     2.398    ntt/clk_IBUF_BUFG
                         FDRE                                         r  ntt/ctr_k_reg[4]/C
  -------------------------------------------------------------------    -------------------
                         FDRE (Prop_fdre_C_Q)         0.478     2.876 r  ntt/ctr_k_reg[4]/Q
                         net (fo=11, unplaced)        1.011     3.887    ntt/ctr_k[4]
                                                                      r  ntt/ctr_k[6]_i_3/I0
                         LUT6 (Prop_lut6_I0_O)        0.295     4.182 r  ntt/ctr_k[6]_i_3/O
                         net (fo=7, unplaced)         0.454     4.636    ntt/ctr_k[6]_i_3_n_0
                                                                      r  ntt/ctr_j[5]_i_8/I1
                         LUT4 (Prop_lut4_I1_O)        0.124     4.760 f  ntt/ctr_j[5]_i_8/O
                         net (fo=1, unplaced)         0.449     5.209    ntt/ctr_j[5]_i_8_n_0
                                                                      f  ntt/ctr_j[5]_i_4/I5
                         LUT6 (Prop_lut6_I5_O)        0.124     5.333 f  ntt/ctr_j[5]_i_4/O
                         net (fo=9, unplaced)         0.943     6.276    ntt/ctr_j[5]_i_4_n_0
                                                                      f  ntt/ctr_i[6]_i_5/I0
                         LUT5 (Prop_lut5_I0_O)        0.124     6.400 f  ntt/ctr_i[6]_i_5/O
                         net (fo=5, unplaced)         0.477     6.877    ntt/ctr_i[6]_i_5_n_0
                                                                      f  ntt/ctr_i[6]_i_3/I2
                         LUT6 (Prop_lut6_I2_O)        0.124     7.001 r  ntt/ctr_i[6]_i_3/O
                         net (fo=1, unplaced)         0.000     7.001    ntt/ctr_i[6]_i_3_n_0
                                                                      r  ntt/ctr_i_reg[6]_i_1/I0
                         MUXF7 (Prop_muxf7_I0_O)      0.241     7.242 r  ntt/ctr_i_reg[6]_i_1/O
                         net (fo=7, unplaced)         0.511     7.753    ntt/ctr_i[0]
                         FDRE                                         r  ntt/ctr_i_reg[5]/CE
  -------------------------------------------------------------------    -------------------

                         (clock clk rise edge)        6.000     6.000 r  
                                                      0.000     6.000 r  clk (IN)
                         net (fo=0)                   0.000     6.000    clk
                                                                      r  clk_IBUF_inst/I
                         IBUF (Prop_ibuf_I_O)         0.785     6.785 r  clk_IBUF_inst/O
                         net (fo=1, unplaced)         0.760     7.545    clk_IBUF
                                                                      r  clk_IBUF_BUFG_inst/I
                         BUFG (Prop_bufg_I_O)         0.091     7.636 r  clk_IBUF_BUFG_inst/O
                         net (fo=5400, unplaced)      0.439     8.075    ntt/clk_IBUF_BUFG
                         FDRE                                         r  ntt/ctr_i_reg[5]/C
                         clock pessimism              0.178     8.253    
                         clock uncertainty           -0.035     8.217    
                         FDRE (Setup_fdre_C_CE)      -0.376     7.841    ntt/ctr_i_reg[5]
  -------------------------------------------------------------------
                         required time                          7.841    
                         arrival time                          -7.753    
  -------------------------------------------------------------------
                         slack                                  0.089    

Slack (MET) :             0.089ns  (required time - arrival time)
  Source:                 ntt/ctr_k_reg[4]/C
                            (rising edge-triggered cell FDRE clocked by clk  {rise@0.000ns fall@3.000ns period=6.000ns})
  Destination:            ntt/ctr_i_reg[6]/CE
                            (rising edge-triggered cell FDRE clocked by clk  {rise@0.000ns fall@3.000ns period=6.000ns})
  Path Group:             clk
  Path Type:              Setup (Max at Slow Process Corner)
  Requirement:            6.000ns  (clk rise@6.000ns - clk rise@0.000ns)
  Data Path Delay:        5.355ns  (logic 1.510ns (28.198%)  route 3.845ns (71.802%))
  Logic Levels:           6  (LUT4=1 LUT5=1 LUT6=3 MUXF7=1)
  Clock Path Skew:        -0.145ns (DCD - SCD + CPR)
    Destination Clock Delay (DCD):    2.075ns = ( 8.075 - 6.000 ) 
    Source Clock Delay      (SCD):    2.398ns
    Clock Pessimism Removal (CPR):    0.178ns
  Clock Uncertainty:      0.035ns  ((TSJ^2 + TIJ^2)^1/2 + DJ) / 2 + PE
    Total System Jitter     (TSJ):    0.071ns
    Total Input Jitter      (TIJ):    0.000ns
    Discrete Jitter          (DJ):    0.000ns
    Phase Error              (PE):    0.000ns

    Location             Delay type                Incr(ns)  Path(ns)    Netlist Resource(s)
  -------------------------------------------------------------------    -------------------
                         (clock clk rise edge)        0.000     0.000 r  
                                                      0.000     0.000 r  clk (IN)
                         net (fo=0)                   0.000     0.000    clk
                                                                      r  clk_IBUF_inst/I
                         IBUF (Prop_ibuf_I_O)         0.918     0.918 r  clk_IBUF_inst/O
                         net (fo=1, unplaced)         0.800     1.718    clk_IBUF
                                                                      r  clk_IBUF_BUFG_inst/I
                         BUFG (Prop_bufg_I_O)         0.096     1.814 r  clk_IBUF_BUFG_inst/O
                         net (fo=5400, unplaced)      0.584     2.398    ntt/clk_IBUF_BUFG
                         FDRE                                         r  ntt/ctr_k_reg[4]/C
  -------------------------------------------------------------------    -------------------
                         FDRE (Prop_fdre_C_Q)         0.478     2.876 r  ntt/ctr_k_reg[4]/Q
                         net (fo=11, unplaced)        1.011     3.887    ntt/ctr_k[4]
                                                                      r  ntt/ctr_k[6]_i_3/I0
                         LUT6 (Prop_lut6_I0_O)        0.295     4.182 r  ntt/ctr_k[6]_i_3/O
                         net (fo=7, unplaced)         0.454     4.636    ntt/ctr_k[6]_i_3_n_0
                                                                      r  ntt/ctr_j[5]_i_8/I1
                         LUT4 (Prop_lut4_I1_O)        0.124     4.760 f  ntt/ctr_j[5]_i_8/O
                         net (fo=1, unplaced)         0.449     5.209    ntt/ctr_j[5]_i_8_n_0
                                                                      f  ntt/ctr_j[5]_i_4/I5
                         LUT6 (Prop_lut6_I5_O)        0.124     5.333 f  ntt/ctr_j[5]_i_4/O
                         net (fo=9, unplaced)         0.943     6.276    ntt/ctr_j[5]_i_4_n_0
                                                                      f  ntt/ctr_i[6]_i_5/I0
                         LUT5 (Prop_lut5_I0_O)        0.124     6.400 f  ntt/ctr_i[6]_i_5/O
                         net (fo=5, unplaced)         0.477     6.877    ntt/ctr_i[6]_i_5_n_0
                                                                      f  ntt/ctr_i[6]_i_3/I2
                         LUT6 (Prop_lut6_I2_O)        0.124     7.001 r  ntt/ctr_i[6]_i_3/O
                         net (fo=1, unplaced)         0.000     7.001    ntt/ctr_i[6]_i_3_n_0
                                                                      r  ntt/ctr_i_reg[6]_i_1/I0
                         MUXF7 (Prop_muxf7_I0_O)      0.241     7.242 r  ntt/ctr_i_reg[6]_i_1/O
                         net (fo=7, unplaced)         0.511     7.753    ntt/ctr_i[0]
                         FDRE                                         r  ntt/ctr_i_reg[6]/CE
  -------------------------------------------------------------------    -------------------

                         (clock clk rise edge)        6.000     6.000 r  
                                                      0.000     6.000 r  clk (IN)
                         net (fo=0)                   0.000     6.000    clk
                                                                      r  clk_IBUF_inst/I
                         IBUF (Prop_ibuf_I_O)         0.785     6.785 r  clk_IBUF_inst/O
                         net (fo=1, unplaced)         0.760     7.545    clk_IBUF
                                                                      r  clk_IBUF_BUFG_inst/I
                         BUFG (Prop_bufg_I_O)         0.091     7.636 r  clk_IBUF_BUFG_inst/O
                         net (fo=5400, unplaced)      0.439     8.075    ntt/clk_IBUF_BUFG
                         FDRE                                         r  ntt/ctr_i_reg[6]/C
                         clock pessimism              0.178     8.253    
                         clock uncertainty           -0.035     8.217    
                         FDRE (Setup_fdre_C_CE)      -0.376     7.841    ntt/ctr_i_reg[6]
  -------------------------------------------------------------------
                         required time                          7.841    
                         arrival time                          -7.753    
  -------------------------------------------------------------------
                         slack                                  0.089    

Slack (MET) :             0.235ns  (required time - arrival time)
  Source:                 ntt/ctr_k_reg[4]/C
                            (rising edge-triggered cell FDRE clocked by clk  {rise@0.000ns fall@3.000ns period=6.000ns})
  Destination:            ntt/state_reg[1]/D
                            (rising edge-triggered cell FDRE clocked by clk  {rise@0.000ns fall@3.000ns period=6.000ns})
  Path Group:             clk
  Path Type:              Setup (Max at Slow Process Corner)
  Requirement:            6.000ns  (clk rise@6.000ns - clk rise@0.000ns)
  Data Path Delay:        5.629ns  (logic 1.393ns (24.747%)  route 4.236ns (75.253%))
  Logic Levels:           6  (LUT4=1 LUT5=1 LUT6=4)
  Clock Path Skew:        -0.145ns (DCD - SCD + CPR)
    Destination Clock Delay (DCD):    2.075ns = ( 8.075 - 6.000 ) 
    Source Clock Delay      (SCD):    2.398ns
    Clock Pessimism Removal (CPR):    0.178ns
  Clock Uncertainty:      0.035ns  ((TSJ^2 + TIJ^2)^1/2 + DJ) / 2 + PE
    Total System Jitter     (TSJ):    0.071ns
    Total Input Jitter      (TIJ):    0.000ns
    Discrete Jitter          (DJ):    0.000ns
    Phase Error              (PE):    0.000ns

    Location             Delay type                Incr(ns)  Path(ns)    Netlist Resource(s)
  -------------------------------------------------------------------    -------------------
                         (clock clk rise edge)        0.000     0.000 r  
                                                      0.000     0.000 r  clk (IN)
                         net (fo=0)                   0.000     0.000    clk
                                                                      r  clk_IBUF_inst/I
                         IBUF (Prop_ibuf_I_O)         0.918     0.918 r  clk_IBUF_inst/O
                         net (fo=1, unplaced)         0.800     1.718    clk_IBUF
                                                                      r  clk_IBUF_BUFG_inst/I
                         BUFG (Prop_bufg_I_O)         0.096     1.814 r  clk_IBUF_BUFG_inst/O
                         net (fo=5400, unplaced)      0.584     2.398    ntt/clk_IBUF_BUFG
                         FDRE                                         r  ntt/ctr_k_reg[4]/C
  -------------------------------------------------------------------    -------------------
                         FDRE (Prop_fdre_C_Q)         0.478     2.876 r  ntt/ctr_k_reg[4]/Q
                         net (fo=11, unplaced)        1.011     3.887    ntt/ctr_k[4]
                                                                      r  ntt/ctr_k[6]_i_3/I0
                         LUT6 (Prop_lut6_I0_O)        0.295     4.182 r  ntt/ctr_k[6]_i_3/O
                         net (fo=7, unplaced)         0.454     4.636    ntt/ctr_k[6]_i_3_n_0
                                                                      r  ntt/ctr_j[5]_i_8/I1
                         LUT4 (Prop_lut4_I1_O)        0.124     4.760 r  ntt/ctr_j[5]_i_8/O
                         net (fo=1, unplaced)         0.449     5.209    ntt/ctr_j[5]_i_8_n_0
                                                                      r  ntt/ctr_j[5]_i_4/I5
                         LUT6 (Prop_lut6_I5_O)        0.124     5.333 r  ntt/ctr_j[5]_i_4/O
                         net (fo=9, unplaced)         0.943     6.276    ntt/ctr_j[5]_i_4_n_0
                                                                      r  ntt/ctr_i[6]_i_5/I0
                         LUT5 (Prop_lut5_I0_O)        0.124     6.400 r  ntt/ctr_i[6]_i_5/O
                         net (fo=5, unplaced)         0.477     6.877    ntt/ctr_i[6]_i_5_n_0
                                                                      r  ntt/state[1]_i_3/I1
                         LUT6 (Prop_lut6_I1_O)        0.124     7.001 f  ntt/state[1]_i_3/O
                         net (fo=1, unplaced)         0.902     7.903    ntt/state[1]_i_3_n_0
                                                                      f  ntt/state[1]_i_1/I1
                         LUT6 (Prop_lut6_I1_O)        0.124     8.027 r  ntt/state[1]_i_1/O
                         net (fo=1, unplaced)         0.000     8.027    ntt/next_state[1]
                         FDRE                                         r  ntt/state_reg[1]/D
  -------------------------------------------------------------------    -------------------

                         (clock clk rise edge)        6.000     6.000 r  
                                                      0.000     6.000 r  clk (IN)
                         net (fo=0)                   0.000     6.000    clk
                                                                      r  clk_IBUF_inst/I
                         IBUF (Prop_ibuf_I_O)         0.785     6.785 r  clk_IBUF_inst/O
                         net (fo=1, unplaced)         0.760     7.545    clk_IBUF
                                                                      r  clk_IBUF_BUFG_inst/I
                         BUFG (Prop_bufg_I_O)         0.091     7.636 r  clk_IBUF_BUFG_inst/O
                         net (fo=5400, unplaced)      0.439     8.075    ntt/clk_IBUF_BUFG
                         FDRE                                         r  ntt/state_reg[1]/C
                         clock pessimism              0.178     8.253    
                         clock uncertainty           -0.035     8.217    
                         FDRE (Setup_fdre_C_D)        0.044     8.261    ntt/state_reg[1]
  -------------------------------------------------------------------
                         required time                          8.261    
                         arrival time                          -8.027    
  -------------------------------------------------------------------
                         slack                                  0.235    

Slack (MET) :             0.472ns  (required time - arrival time)
  Source:                 ntt/ctr_k_reg[4]/C
                            (rising edge-triggered cell FDRE clocked by clk  {rise@0.000ns fall@3.000ns period=6.000ns})
  Destination:            ntt/state_reg[2]/D
                            (rising edge-triggered cell FDRE clocked by clk  {rise@0.000ns fall@3.000ns period=6.000ns})
  Path Group:             clk
  Path Type:              Setup (Max at Slow Process Corner)
  Requirement:            6.000ns  (clk rise@6.000ns - clk rise@0.000ns)
  Data Path Delay:        5.392ns  (logic 1.393ns (25.835%)  route 3.999ns (74.165%))
  Logic Levels:           6  (LUT4=1 LUT5=1 LUT6=4)
  Clock Path Skew:        -0.145ns (DCD - SCD + CPR)
    Destination Clock Delay (DCD):    2.075ns = ( 8.075 - 6.000 ) 
    Source Clock Delay      (SCD):    2.398ns
    Clock Pessimism Removal (CPR):    0.178ns
  Clock Uncertainty:      0.035ns  ((TSJ^2 + TIJ^2)^1/2 + DJ) / 2 + PE
    Total System Jitter     (TSJ):    0.071ns
    Total Input Jitter      (TIJ):    0.000ns
    Discrete Jitter          (DJ):    0.000ns
    Phase Error              (PE):    0.000ns

    Location             Delay type                Incr(ns)  Path(ns)    Netlist Resource(s)
  -------------------------------------------------------------------    -------------------
                         (clock clk rise edge)        0.000     0.000 r  
                                                      0.000     0.000 r  clk (IN)
                         net (fo=0)                   0.000     0.000    clk
                                                                      r  clk_IBUF_inst/I
                         IBUF (Prop_ibuf_I_O)         0.918     0.918 r  clk_IBUF_inst/O
                         net (fo=1, unplaced)         0.800     1.718    clk_IBUF
                                                                      r  clk_IBUF_BUFG_inst/I
                         BUFG (Prop_bufg_I_O)         0.096     1.814 r  clk_IBUF_BUFG_inst/O
                         net (fo=5400, unplaced)      0.584     2.398    ntt/clk_IBUF_BUFG
                         FDRE                                         r  ntt/ctr_k_reg[4]/C
  -------------------------------------------------------------------    -------------------
                         FDRE (Prop_fdre_C_Q)         0.478     2.876 r  ntt/ctr_k_reg[4]/Q
                         net (fo=11, unplaced)        1.011     3.887    ntt/ctr_k[4]
                                                                      r  ntt/ctr_k[6]_i_3/I0
                         LUT6 (Prop_lut6_I0_O)        0.295     4.182 r  ntt/ctr_k[6]_i_3/O
                         net (fo=7, unplaced)         0.454     4.636    ntt/ctr_k[6]_i_3_n_0
                                                                      r  ntt/ctr_j[5]_i_8/I1
                         LUT4 (Prop_lut4_I1_O)        0.124     4.760 f  ntt/ctr_j[5]_i_8/O
                         net (fo=1, unplaced)         0.449     5.209    ntt/ctr_j[5]_i_8_n_0
                                                                      f  ntt/ctr_j[5]_i_4/I5
                         LUT6 (Prop_lut6_I5_O)        0.124     5.333 f  ntt/ctr_j[5]_i_4/O
                         net (fo=9, unplaced)         0.943     6.276    ntt/ctr_j[5]_i_4_n_0
                                                                      f  ntt/ctr_i[6]_i_5/I0
                         LUT5 (Prop_lut5_I0_O)        0.124     6.400 f  ntt/ctr_i[6]_i_5/O
                         net (fo=5, unplaced)         0.477     6.877    ntt/ctr_i[6]_i_5_n_0
                                                                      f  ntt/state[2]_i_2/I1
                         LUT6 (Prop_lut6_I1_O)        0.124     7.001 f  ntt/state[2]_i_2/O
                         net (fo=1, unplaced)         0.665     7.666    ntt/state[2]_i_2_n_0
                                                                      f  ntt/state[2]_i_1/I0
                         LUT6 (Prop_lut6_I0_O)        0.124     7.790 r  ntt/state[2]_i_1/O
                         net (fo=1, unplaced)         0.000     7.790    ntt/next_state[2]
                         FDRE                                         r  ntt/state_reg[2]/D
  -------------------------------------------------------------------    -------------------

                         (clock clk rise edge)        6.000     6.000 r  
                                                      0.000     6.000 r  clk (IN)
                         net (fo=0)                   0.000     6.000    clk
                                                                      r  clk_IBUF_inst/I
                         IBUF (Prop_ibuf_I_O)         0.785     6.785 r  clk_IBUF_inst/O
                         net (fo=1, unplaced)         0.760     7.545    clk_IBUF
                                                                      r  clk_IBUF_BUFG_inst/I
                         BUFG (Prop_bufg_I_O)         0.091     7.636 r  clk_IBUF_BUFG_inst/O
                         net (fo=5400, unplaced)      0.439     8.075    ntt/clk_IBUF_BUFG
                         FDRE                                         r  ntt/state_reg[2]/C
                         clock pessimism              0.178     8.253    
                         clock uncertainty           -0.035     8.217    
                         FDRE (Setup_fdre_C_D)        0.044     8.261    ntt/state_reg[2]
  -------------------------------------------------------------------
                         required time                          8.261    
                         arrival time                          -7.790    
  -------------------------------------------------------------------
                         slack                                  0.472    

Slack (MET) :             0.542ns  (required time - arrival time)
  Source:                 ntt/ctr_i_reg[1]/C
                            (rising edge-triggered cell FDRE clocked by clk  {rise@0.000ns fall@3.000ns period=6.000ns})
  Destination:            ntt/state_reg[0]/D
                            (rising edge-triggered cell FDRE clocked by clk  {rise@0.000ns fall@3.000ns period=6.000ns})
  Path Group:             clk
  Path Type:              Setup (Max at Slow Process Corner)
  Requirement:            6.000ns  (clk rise@6.000ns - clk rise@0.000ns)
  Data Path Delay:        5.322ns  (logic 2.016ns (37.880%)  route 3.306ns (62.119%))
  Logic Levels:           6  (CARRY4=1 LUT2=1 LUT4=2 LUT6=2)
  Clock Path Skew:        -0.145ns (DCD - SCD + CPR)
    Destination Clock Delay (DCD):    2.075ns = ( 8.075 - 6.000 ) 
    Source Clock Delay      (SCD):    2.398ns
    Clock Pessimism Removal (CPR):    0.178ns
  Clock Uncertainty:      0.035ns  ((TSJ^2 + TIJ^2)^1/2 + DJ) / 2 + PE
    Total System Jitter     (TSJ):    0.071ns
    Total Input Jitter      (TIJ):    0.000ns
    Discrete Jitter          (DJ):    0.000ns
    Phase Error              (PE):    0.000ns

    Location             Delay type                Incr(ns)  Path(ns)    Netlist Resource(s)
  -------------------------------------------------------------------    -------------------
                         (clock clk rise edge)        0.000     0.000 r  
                                                      0.000     0.000 r  clk (IN)
                         net (fo=0)                   0.000     0.000    clk
                                                                      r  clk_IBUF_inst/I
                         IBUF (Prop_ibuf_I_O)         0.918     0.918 r  clk_IBUF_inst/O
                         net (fo=1, unplaced)         0.800     1.718    clk_IBUF
                                                                      r  clk_IBUF_BUFG_inst/I
                         BUFG (Prop_bufg_I_O)         0.096     1.814 r  clk_IBUF_BUFG_inst/O
                         net (fo=5400, unplaced)      0.584     2.398    ntt/clk_IBUF_BUFG
                         FDRE                                         r  ntt/ctr_i_reg[1]/C
  -------------------------------------------------------------------    -------------------
                         FDRE (Prop_fdre_C_Q)         0.478     2.876 r  ntt/ctr_i_reg[1]/Q
                         net (fo=12, unplaced)        0.518     3.394    ntt/p_0_in[0]
                                                                      r  ntt/ctr_j[5]_i_18/I0
                         LUT2 (Prop_lut2_I0_O)        0.295     3.689 r  ntt/ctr_j[5]_i_18/O
                         net (fo=1, unplaced)         0.000     3.689    ntt/ctr_j[5]_i_18_n_0
                                                                      r  ntt/ctr_j_reg[5]_i_12/S[1]
                         CARRY4 (Prop_carry4_S[1]_O[2])
                                                      0.578     4.267 r  ntt/ctr_j_reg[5]_i_12/O[2]
                         net (fo=1, unplaced)         0.905     5.172    ntt/flag_j0[2]
                                                                      r  ntt/ctr_j[5]_i_13/I1
                         LUT4 (Prop_lut4_I1_O)        0.301     5.473 r  ntt/ctr_j[5]_i_13/O
                         net (fo=6, unplaced)         0.481     5.954    ntt/ctr_j[5]_i_13_n_0
                                                                      r  ntt/ctr_j[5]_i_6/I3
                         LUT4 (Prop_lut4_I3_O)        0.116     6.070 f  ntt/ctr_j[5]_i_6/O
                         net (fo=14, unplaced)        0.500     6.570    ntt/ctr_j[5]_i_6_n_0
                                                                      f  ntt/state[0]_i_4/I4
                         LUT6 (Prop_lut6_I4_O)        0.124     6.694 r  ntt/state[0]_i_4/O
                         net (fo=1, unplaced)         0.902     7.596    ntt/state[0]_i_4_n_0
                                                                      r  ntt/state[0]_i_1/I2
                         LUT6 (Prop_lut6_I2_O)        0.124     7.720 r  ntt/state[0]_i_1/O
                         net (fo=1, unplaced)         0.000     7.720    ntt/next_state[0]
                         FDRE                                         r  ntt/state_reg[0]/D
  -------------------------------------------------------------------    -------------------

                         (clock clk rise edge)        6.000     6.000 r  
                                                      0.000     6.000 r  clk (IN)
                         net (fo=0)                   0.000     6.000    clk
                                                                      r  clk_IBUF_inst/I
                         IBUF (Prop_ibuf_I_O)         0.785     6.785 r  clk_IBUF_inst/O
                         net (fo=1, unplaced)         0.760     7.545    clk_IBUF
                                                                      r  clk_IBUF_BUFG_inst/I
                         BUFG (Prop_bufg_I_O)         0.091     7.636 r  clk_IBUF_BUFG_inst/O
                         net (fo=5400, unplaced)      0.439     8.075    ntt/clk_IBUF_BUFG
                         FDRE                                         r  ntt/state_reg[0]/C
                         clock pessimism              0.178     8.253    
                         clock uncertainty           -0.035     8.217    
                         FDRE (Setup_fdre_C_D)        0.044     8.261    ntt/state_reg[0]
  -------------------------------------------------------------------
                         required time                          8.261    
                         arrival time                          -7.720    
  -------------------------------------------------------------------
                         slack                                  0.542    

Slack (MET) :             0.631ns  (required time - arrival time)
  Source:                 ntt/in0_butt_reg[1]/C
                            (rising edge-triggered cell FDRE clocked by clk  {rise@0.000ns fall@3.000ns period=6.000ns})
  Destination:            ntt/BU/diff_in0_reg_reg[10]/D
                            (rising edge-triggered cell FDRE clocked by clk  {rise@0.000ns fall@3.000ns period=6.000ns})
  Path Group:             clk
  Path Type:              Setup (Max at Slow Process Corner)
  Requirement:            6.000ns  (clk rise@6.000ns - clk rise@0.000ns)
  Data Path Delay:        5.233ns  (logic 3.120ns (59.622%)  route 2.113ns (40.378%))
  Logic Levels:           6  (CARRY4=4 LUT3=1 LUT5=1)
  Clock Path Skew:        -0.145ns (DCD - SCD + CPR)
    Destination Clock Delay (DCD):    2.075ns = ( 8.075 - 6.000 ) 
    Source Clock Delay      (SCD):    2.398ns
    Clock Pessimism Removal (CPR):    0.178ns
  Clock Uncertainty:      0.035ns  ((TSJ^2 + TIJ^2)^1/2 + DJ) / 2 + PE
    Total System Jitter     (TSJ):    0.071ns
    Total Input Jitter      (TIJ):    0.000ns
    Discrete Jitter          (DJ):    0.000ns
    Phase Error              (PE):    0.000ns

    Location             Delay type                Incr(ns)  Path(ns)    Netlist Resource(s)
  -------------------------------------------------------------------    -------------------
                         (clock clk rise edge)        0.000     0.000 r  
                                                      0.000     0.000 r  clk (IN)
                         net (fo=0)                   0.000     0.000    clk
                                                                      r  clk_IBUF_inst/I
                         IBUF (Prop_ibuf_I_O)         0.918     0.918 r  clk_IBUF_inst/O
                         net (fo=1, unplaced)         0.800     1.718    clk_IBUF
                                                                      r  clk_IBUF_BUFG_inst/I
                         BUFG (Prop_bufg_I_O)         0.096     1.814 r  clk_IBUF_BUFG_inst/O
                         net (fo=5400, unplaced)      0.584     2.398    ntt/clk_IBUF_BUFG
                         FDRE                                         r  ntt/in0_butt_reg[1]/C
  -------------------------------------------------------------------    -------------------
                         FDRE (Prop_fdre_C_Q)         0.478     2.876 r  ntt/in0_butt_reg[1]/Q
                         net (fo=5, unplaced)         0.769     3.645    ntt/BU/in0_p1_reg[23]_0[1]
                                                                      r  ntt/BU/diff_in0_carry_i_3/I0
                         LUT3 (Prop_lut3_I0_O)        0.295     3.940 r  ntt/BU/diff_in0_carry_i_3/O
                         net (fo=1, unplaced)         0.000     3.940    ntt/BU/diff_in0_carry_i_3_n_0
                                                                      r  ntt/BU/diff_in0_carry/S[1]
                         CARRY4 (Prop_carry4_S[1]_CO[3])
                                                      0.533     4.473 r  ntt/BU/diff_in0_carry/CO[3]
                         net (fo=1, unplaced)         0.000     4.473    ntt/BU/diff_in0_carry_n_0
                                                                      r  ntt/BU/diff_in0_carry__0/CI
                         CARRY4 (Prop_carry4_CI_O[1])
                                                      0.337     4.810 r  ntt/BU/diff_in0_carry__0/O[1]
                         net (fo=1, unplaced)         0.715     5.525    ntt/BU/diff_in0[5]
                                                                      r  ntt/BU/diff_in0_q_carry__0/S[1]
                         CARRY4 (Prop_carry4_S[1]_CO[3])
                                                      0.839     6.364 r  ntt/BU/diff_in0_q_carry__0/CO[3]
                         net (fo=1, unplaced)         0.000     6.364    ntt/BU/diff_in0_q_carry__0_n_0
                                                                      r  ntt/BU/diff_in0_q_carry__1/CI
                         CARRY4 (Prop_carry4_CI_O[3])
                                                      0.331     6.695 r  ntt/BU/diff_in0_q_carry__1/O[3]
                         net (fo=2, unplaced)         0.629     7.324    ntt/BU/diff_in0_q[11]
                                                                      r  ntt/BU/diff_in0_reg[10]_i_1/I2
                         LUT5 (Prop_lut5_I2_O)        0.307     7.631 r  ntt/BU/diff_in0_reg[10]_i_1/O
                         net (fo=1, unplaced)         0.000     7.631    ntt/BU/diff_in0_reg[10]_i_1_n_0
                         FDRE                                         r  ntt/BU/diff_in0_reg_reg[10]/D
  -------------------------------------------------------------------    -------------------

                         (clock clk rise edge)        6.000     6.000 r  
                                                      0.000     6.000 r  clk (IN)
                         net (fo=0)                   0.000     6.000    clk
                                                                      r  clk_IBUF_inst/I
                         IBUF (Prop_ibuf_I_O)         0.785     6.785 r  clk_IBUF_inst/O
                         net (fo=1, unplaced)         0.760     7.545    clk_IBUF
                                                                      r  clk_IBUF_BUFG_inst/I
                         BUFG (Prop_bufg_I_O)         0.091     7.636 r  clk_IBUF_BUFG_inst/O
                         net (fo=5400, unplaced)      0.439     8.075    ntt/BU/clk_IBUF_BUFG
                         FDRE                                         r  ntt/BU/diff_in0_reg_reg[10]/C
                         clock pessimism              0.178     8.253    
                         clock uncertainty           -0.035     8.217    
                         FDRE (Setup_fdre_C_D)        0.044     8.261    ntt/BU/diff_in0_reg_reg[10]
  -------------------------------------------------------------------
                         required time                          8.261    
                         arrival time                          -7.631    
  -------------------------------------------------------------------
                         slack                                  0.631    

Slack (MET) :             0.633ns  (required time - arrival time)
  Source:                 ntt/in0_butt_reg[1]/C
                            (rising edge-triggered cell FDRE clocked by clk  {rise@0.000ns fall@3.000ns period=6.000ns})
  Destination:            ntt/BU/diff_in0_reg_reg[9]/D
                            (rising edge-triggered cell FDRE clocked by clk  {rise@0.000ns fall@3.000ns period=6.000ns})
  Path Group:             clk
  Path Type:              Setup (Max at Slow Process Corner)
  Requirement:            6.000ns  (clk rise@6.000ns - clk rise@0.000ns)
  Data Path Delay:        5.231ns  (logic 3.125ns (59.740%)  route 2.106ns (40.260%))
  Logic Levels:           6  (CARRY4=4 LUT3=1 LUT5=1)
  Clock Path Skew:        -0.145ns (DCD - SCD + CPR)
    Destination Clock Delay (DCD):    2.075ns = ( 8.075 - 6.000 ) 
    Source Clock Delay      (SCD):    2.398ns
    Clock Pessimism Removal (CPR):    0.178ns
  Clock Uncertainty:      0.035ns  ((TSJ^2 + TIJ^2)^1/2 + DJ) / 2 + PE
    Total System Jitter     (TSJ):    0.071ns
    Total Input Jitter      (TIJ):    0.000ns
    Discrete Jitter          (DJ):    0.000ns
    Phase Error              (PE):    0.000ns

    Location             Delay type                Incr(ns)  Path(ns)    Netlist Resource(s)
  -------------------------------------------------------------------    -------------------
                         (clock clk rise edge)        0.000     0.000 r  
                                                      0.000     0.000 r  clk (IN)
                         net (fo=0)                   0.000     0.000    clk
                                                                      r  clk_IBUF_inst/I
                         IBUF (Prop_ibuf_I_O)         0.918     0.918 r  clk_IBUF_inst/O
                         net (fo=1, unplaced)         0.800     1.718    clk_IBUF
                                                                      r  clk_IBUF_BUFG_inst/I
                         BUFG (Prop_bufg_I_O)         0.096     1.814 r  clk_IBUF_BUFG_inst/O
                         net (fo=5400, unplaced)      0.584     2.398    ntt/clk_IBUF_BUFG
                         FDRE                                         r  ntt/in0_butt_reg[1]/C
  -------------------------------------------------------------------    -------------------
                         FDRE (Prop_fdre_C_Q)         0.478     2.876 r  ntt/in0_butt_reg[1]/Q
                         net (fo=5, unplaced)         0.769     3.645    ntt/BU/in0_p1_reg[23]_0[1]
                                                                      r  ntt/BU/diff_in0_carry_i_3/I0
                         LUT3 (Prop_lut3_I0_O)        0.295     3.940 r  ntt/BU/diff_in0_carry_i_3/O
                         net (fo=1, unplaced)         0.000     3.940    ntt/BU/diff_in0_carry_i_3_n_0
                                                                      r  ntt/BU/diff_in0_carry/S[1]
                         CARRY4 (Prop_carry4_S[1]_CO[3])
                                                      0.533     4.473 r  ntt/BU/diff_in0_carry/CO[3]
                         net (fo=1, unplaced)         0.000     4.473    ntt/BU/diff_in0_carry_n_0
                                                                      r  ntt/BU/diff_in0_carry__0/CI
                         CARRY4 (Prop_carry4_CI_O[1])
                                                      0.337     4.810 r  ntt/BU/diff_in0_carry__0/O[1]
                         net (fo=1, unplaced)         0.715     5.525    ntt/BU/diff_in0[5]
                                                                      r  ntt/BU/diff_in0_q_carry__0/S[1]
                         CARRY4 (Prop_carry4_S[1]_CO[3])
                                                      0.839     6.364 r  ntt/BU/diff_in0_q_carry__0/CO[3]
                         net (fo=1, unplaced)         0.000     6.364    ntt/BU/diff_in0_q_carry__0_n_0
                                                                      r  ntt/BU/diff_in0_q_carry__1/CI
                         CARRY4 (Prop_carry4_CI_O[1])
                                                      0.337     6.701 r  ntt/BU/diff_in0_q_carry__1/O[1]
                         net (fo=2, unplaced)         0.622     7.323    ntt/BU/diff_in0_q[9]
                                                                      r  ntt/BU/diff_in0_reg[9]_i_1/I0
                         LUT5 (Prop_lut5_I0_O)        0.306     7.629 r  ntt/BU/diff_in0_reg[9]_i_1/O
                         net (fo=1, unplaced)         0.000     7.629    ntt/BU/diff_in0_reg[9]_i_1_n_0
                         FDRE                                         r  ntt/BU/diff_in0_reg_reg[9]/D
  -------------------------------------------------------------------    -------------------

                         (clock clk rise edge)        6.000     6.000 r  
                                                      0.000     6.000 r  clk (IN)
                         net (fo=0)                   0.000     6.000    clk
                                                                      r  clk_IBUF_inst/I
                         IBUF (Prop_ibuf_I_O)         0.785     6.785 r  clk_IBUF_inst/O
                         net (fo=1, unplaced)         0.760     7.545    clk_IBUF
                                                                      r  clk_IBUF_BUFG_inst/I
                         BUFG (Prop_bufg_I_O)         0.091     7.636 r  clk_IBUF_BUFG_inst/O
                         net (fo=5400, unplaced)      0.439     8.075    ntt/BU/clk_IBUF_BUFG
                         FDRE                                         r  ntt/BU/diff_in0_reg_reg[9]/C
                         clock pessimism              0.178     8.253    
                         clock uncertainty           -0.035     8.217    
                         FDRE (Setup_fdre_C_D)        0.044     8.261    ntt/BU/diff_in0_reg_reg[9]
  -------------------------------------------------------------------
                         required time                          8.261    
                         arrival time                          -7.629    
  -------------------------------------------------------------------
                         slack                                  0.633    

Slack (MET) :             0.645ns  (required time - arrival time)
  Source:                 ntt/BU/diff_in0_reg_reg[0]/C
                            (rising edge-triggered cell FDRE clocked by clk  {rise@0.000ns fall@3.000ns period=6.000ns})
  Destination:            Kyber_Client/NTT_core_Client/butterfly_Cli/mult_gen_0/<hidden>/<hidden>/<hidden>
                            (rising edge-triggered cell DSP48E1 clocked by clk  {rise@0.000ns fall@3.000ns period=6.000ns})
  Path Group:             clk
  Path Type:              Setup (Max at Slow Process Corner)
  Requirement:            6.000ns  (clk rise@6.000ns - clk rise@0.000ns)
  Data Path Delay:        1.278ns  (logic 0.478ns (37.411%)  route 0.800ns (62.589%))
  Logic Levels:           0  
  Clock Path Skew:        -0.145ns (DCD - SCD + CPR)
    Destination Clock Delay (DCD):    2.075ns = ( 8.075 - 6.000 ) 
    Source Clock Delay      (SCD):    2.398ns
    Clock Pessimism Removal (CPR):    0.178ns
  Clock Uncertainty:      0.035ns  ((TSJ^2 + TIJ^2)^1/2 + DJ) / 2 + PE
    Total System Jitter     (TSJ):    0.071ns
    Total Input Jitter      (TIJ):    0.000ns
    Discrete Jitter          (DJ):    0.000ns
    Phase Error              (PE):    0.000ns

    Location             Delay type                Incr(ns)  Path(ns)    Netlist Resource(s)
  -------------------------------------------------------------------    -------------------
                         (clock clk rise edge)        0.000     0.000 r  
                                                      0.000     0.000 r  clk (IN)
                         net (fo=0)                   0.000     0.000    clk
                                                                      r  clk_IBUF_inst/I
                         IBUF (Prop_ibuf_I_O)         0.918     0.918 r  clk_IBUF_inst/O
                         net (fo=1, unplaced)         0.800     1.718    clk_IBUF
                                                                      r  clk_IBUF_BUFG_inst/I
                         BUFG (Prop_bufg_I_O)         0.096     1.814 r  clk_IBUF_BUFG_inst/O
                         net (fo=5400, unplaced)      0.584     2.398    ntt/BU/clk_IBUF_BUFG
                         FDRE                                         r  ntt/BU/diff_in0_reg_reg[0]/C
  -------------------------------------------------------------------    -------------------
                         FDRE (Prop_fdre_C_Q)         0.478     2.876 r  ntt/BU/diff_in0_reg_reg[0]/Q
                         net (fo=1, unplaced)         0.800     3.676    Kyber_Client/NTT_core_Client/butterfly_Cli/mult_gen_0/<hidden>/<hidden>/<hidden>
                         DSP48E1                                      r  Kyber_Client/NTT_core_Client/butterfly_Cli/mult_gen_0/<hidden>/<hidden>/<hidden>
  -------------------------------------------------------------------    -------------------

                         (clock clk rise edge)        6.000     6.000 r  
                                                      0.000     6.000 r  clk (IN)
                         net (fo=0)                   0.000     6.000    clk
                                                                      r  clk_IBUF_inst/I
                         IBUF (Prop_ibuf_I_O)         0.785     6.785 r  clk_IBUF_inst/O
                         net (fo=1, unplaced)         0.760     7.545    clk_IBUF
                                                                      r  clk_IBUF_BUFG_inst/I
                         BUFG (Prop_bufg_I_O)         0.091     7.636 r  clk_IBUF_BUFG_inst/O
                         net (fo=5400, unplaced)      0.439     8.075    Kyber_Client/NTT_core_Client/butterfly_Cli/mult_gen_0/<hidden>/<hidden>/<hidden>
                         DSP48E1                                      r  Kyber_Client/NTT_core_Client/butterfly_Cli/mult_gen_0/<hidden>/<hidden>/<hidden>
                         clock pessimism              0.178     8.253    
                         clock uncertainty           -0.035     8.217    
                         DSP48E1 (Setup_dsp48e1_CLK_A[0])
                                                     -3.897     4.320    Kyber_Client/NTT_core_Client/butterfly_Cli/mult_gen_0/<hidden>/<hidden>/<hidden>
  -------------------------------------------------------------------
                         required time                          4.320    
                         arrival time                          -3.676    
  -------------------------------------------------------------------
                         slack                                  0.645    

Slack (MET) :             0.645ns  (required time - arrival time)
  Source:                 ntt/BU/diff_in0_reg_reg[10]/C
                            (rising edge-triggered cell FDRE clocked by clk  {rise@0.000ns fall@3.000ns period=6.000ns})
  Destination:            Kyber_Client/NTT_core_Client/butterfly_Cli/mult_gen_0/<hidden>/<hidden>/<hidden>
                            (rising edge-triggered cell DSP48E1 clocked by clk  {rise@0.000ns fall@3.000ns period=6.000ns})
  Path Group:             clk
  Path Type:              Setup (Max at Slow Process Corner)
  Requirement:            6.000ns  (clk rise@6.000ns - clk rise@0.000ns)
  Data Path Delay:        1.278ns  (logic 0.478ns (37.411%)  route 0.800ns (62.589%))
  Logic Levels:           0  
  Clock Path Skew:        -0.145ns (DCD - SCD + CPR)
    Destination Clock Delay (DCD):    2.075ns = ( 8.075 - 6.000 ) 
    Source Clock Delay      (SCD):    2.398ns
    Clock Pessimism Removal (CPR):    0.178ns
  Clock Uncertainty:      0.035ns  ((TSJ^2 + TIJ^2)^1/2 + DJ) / 2 + PE
    Total System Jitter     (TSJ):    0.071ns
    Total Input Jitter      (TIJ):    0.000ns
    Discrete Jitter          (DJ):    0.000ns
    Phase Error              (PE):    0.000ns

    Location             Delay type                Incr(ns)  Path(ns)    Netlist Resource(s)
  -------------------------------------------------------------------    -------------------
                         (clock clk rise edge)        0.000     0.000 r  
                                                      0.000     0.000 r  clk (IN)
                         net (fo=0)                   0.000     0.000    clk
                                                                      r  clk_IBUF_inst/I
                         IBUF (Prop_ibuf_I_O)         0.918     0.918 r  clk_IBUF_inst/O
                         net (fo=1, unplaced)         0.800     1.718    clk_IBUF
                                                                      r  clk_IBUF_BUFG_inst/I
                         BUFG (Prop_bufg_I_O)         0.096     1.814 r  clk_IBUF_BUFG_inst/O
                         net (fo=5400, unplaced)      0.584     2.398    ntt/BU/clk_IBUF_BUFG
                         FDRE                                         r  ntt/BU/diff_in0_reg_reg[10]/C
  -------------------------------------------------------------------    -------------------
                         FDRE (Prop_fdre_C_Q)         0.478     2.876 r  ntt/BU/diff_in0_reg_reg[10]/Q
                         net (fo=1, unplaced)         0.800     3.676    Kyber_Client/NTT_core_Client/butterfly_Cli/mult_gen_0/<hidden>/<hidden>/<hidden>
                         DSP48E1                                      r  Kyber_Client/NTT_core_Client/butterfly_Cli/mult_gen_0/<hidden>/<hidden>/<hidden>
  -------------------------------------------------------------------    -------------------

                         (clock clk rise edge)        6.000     6.000 r  
                                                      0.000     6.000 r  clk (IN)
                         net (fo=0)                   0.000     6.000    clk
                                                                      r  clk_IBUF_inst/I
                         IBUF (Prop_ibuf_I_O)         0.785     6.785 r  clk_IBUF_inst/O
                         net (fo=1, unplaced)         0.760     7.545    clk_IBUF
                                                                      r  clk_IBUF_BUFG_inst/I
                         BUFG (Prop_bufg_I_O)         0.091     7.636 r  clk_IBUF_BUFG_inst/O
                         net (fo=5400, unplaced)      0.439     8.075    Kyber_Client/NTT_core_Client/butterfly_Cli/mult_gen_0/<hidden>/<hidden>/<hidden>
                         DSP48E1                                      r  Kyber_Client/NTT_core_Client/butterfly_Cli/mult_gen_0/<hidden>/<hidden>/<hidden>
                         clock pessimism              0.178     8.253    
                         clock uncertainty           -0.035     8.217    
                         DSP48E1 (Setup_dsp48e1_CLK_A[10])
                                                     -3.897     4.320    Kyber_Client/NTT_core_Client/butterfly_Cli/mult_gen_0/<hidden>/<hidden>/<hidden>
  -------------------------------------------------------------------
                         required time                          4.320    
                         arrival time                          -3.676    
  -------------------------------------------------------------------
                         slack                                  0.645    

Slack (MET) :             0.645ns  (required time - arrival time)
  Source:                 ntt/BU/diff_in0_reg_reg[11]/C
                            (rising edge-triggered cell FDRE clocked by clk  {rise@0.000ns fall@3.000ns period=6.000ns})
  Destination:            Kyber_Client/NTT_core_Client/butterfly_Cli/mult_gen_0/<hidden>/<hidden>/<hidden>
                            (rising edge-triggered cell DSP48E1 clocked by clk  {rise@0.000ns fall@3.000ns period=6.000ns})
  Path Group:             clk
  Path Type:              Setup (Max at Slow Process Corner)
  Requirement:            6.000ns  (clk rise@6.000ns - clk rise@0.000ns)
  Data Path Delay:        1.278ns  (logic 0.478ns (37.411%)  route 0.800ns (62.589%))
  Logic Levels:           0  
  Clock Path Skew:        -0.145ns (DCD - SCD + CPR)
    Destination Clock Delay (DCD):    2.075ns = ( 8.075 - 6.000 ) 
    Source Clock Delay      (SCD):    2.398ns
    Clock Pessimism Removal (CPR):    0.178ns
  Clock Uncertainty:      0.035ns  ((TSJ^2 + TIJ^2)^1/2 + DJ) / 2 + PE
    Total System Jitter     (TSJ):    0.071ns
    Total Input Jitter      (TIJ):    0.000ns
    Discrete Jitter          (DJ):    0.000ns
    Phase Error              (PE):    0.000ns

    Location             Delay type                Incr(ns)  Path(ns)    Netlist Resource(s)
  -------------------------------------------------------------------    -------------------
                         (clock clk rise edge)        0.000     0.000 r  
                                                      0.000     0.000 r  clk (IN)
                         net (fo=0)                   0.000     0.000    clk
                                                                      r  clk_IBUF_inst/I
                         IBUF (Prop_ibuf_I_O)         0.918     0.918 r  clk_IBUF_inst/O
                         net (fo=1, unplaced)         0.800     1.718    clk_IBUF
                                                                      r  clk_IBUF_BUFG_inst/I
                         BUFG (Prop_bufg_I_O)         0.096     1.814 r  clk_IBUF_BUFG_inst/O
                         net (fo=5400, unplaced)      0.584     2.398    ntt/BU/clk_IBUF_BUFG
                         FDRE                                         r  ntt/BU/diff_in0_reg_reg[11]/C
  -------------------------------------------------------------------    -------------------
                         FDRE (Prop_fdre_C_Q)         0.478     2.876 r  ntt/BU/diff_in0_reg_reg[11]/Q
                         net (fo=1, unplaced)         0.800     3.676    Kyber_Client/NTT_core_Client/butterfly_Cli/mult_gen_0/<hidden>/<hidden>/<hidden>
                         DSP48E1                                      r  Kyber_Client/NTT_core_Client/butterfly_Cli/mult_gen_0/<hidden>/<hidden>/<hidden>
  -------------------------------------------------------------------    -------------------

                         (clock clk rise edge)        6.000     6.000 r  
                                                      0.000     6.000 r  clk (IN)
                         net (fo=0)                   0.000     6.000    clk
                                                                      r  clk_IBUF_inst/I
                         IBUF (Prop_ibuf_I_O)         0.785     6.785 r  clk_IBUF_inst/O
                         net (fo=1, unplaced)         0.760     7.545    clk_IBUF
                                                                      r  clk_IBUF_BUFG_inst/I
                         BUFG (Prop_bufg_I_O)         0.091     7.636 r  clk_IBUF_BUFG_inst/O
                         net (fo=5400, unplaced)      0.439     8.075    Kyber_Client/NTT_core_Client/butterfly_Cli/mult_gen_0/<hidden>/<hidden>/<hidden>
                         DSP48E1                                      r  Kyber_Client/NTT_core_Client/butterfly_Cli/mult_gen_0/<hidden>/<hidden>/<hidden>
                         clock pessimism              0.178     8.253    
                         clock uncertainty           -0.035     8.217    
                         DSP48E1 (Setup_dsp48e1_CLK_A[11])
                                                     -3.897     4.320    Kyber_Client/NTT_core_Client/butterfly_Cli/mult_gen_0/<hidden>/<hidden>/<hidden>
  -------------------------------------------------------------------
                         required time                          4.320    
                         arrival time                          -3.676    
  -------------------------------------------------------------------
                         slack                                  0.645    

Slack (MET) :             0.645ns  (required time - arrival time)
  Source:                 ntt/BU/diff_in0_reg_reg[1]/C
                            (rising edge-triggered cell FDRE clocked by clk  {rise@0.000ns fall@3.000ns period=6.000ns})
  Destination:            Kyber_Client/NTT_core_Client/butterfly_Cli/mult_gen_0/<hidden>/<hidden>/<hidden>
                            (rising edge-triggered cell DSP48E1 clocked by clk  {rise@0.000ns fall@3.000ns period=6.000ns})
  Path Group:             clk
  Path Type:              Setup (Max at Slow Process Corner)
  Requirement:            6.000ns  (clk rise@6.000ns - clk rise@0.000ns)
  Data Path Delay:        1.278ns  (logic 0.478ns (37.411%)  route 0.800ns (62.589%))
  Logic Levels:           0  
  Clock Path Skew:        -0.145ns (DCD - SCD + CPR)
    Destination Clock Delay (DCD):    2.075ns = ( 8.075 - 6.000 ) 
    Source Clock Delay      (SCD):    2.398ns
    Clock Pessimism Removal (CPR):    0.178ns
  Clock Uncertainty:      0.035ns  ((TSJ^2 + TIJ^2)^1/2 + DJ) / 2 + PE
    Total System Jitter     (TSJ):    0.071ns
    Total Input Jitter      (TIJ):    0.000ns
    Discrete Jitter          (DJ):    0.000ns
    Phase Error              (PE):    0.000ns

    Location             Delay type                Incr(ns)  Path(ns)    Netlist Resource(s)
  -------------------------------------------------------------------    -------------------
                         (clock clk rise edge)        0.000     0.000 r  
                                                      0.000     0.000 r  clk (IN)
                         net (fo=0)                   0.000     0.000    clk
                                                                      r  clk_IBUF_inst/I
                         IBUF (Prop_ibuf_I_O)         0.918     0.918 r  clk_IBUF_inst/O
                         net (fo=1, unplaced)         0.800     1.718    clk_IBUF
                                                                      r  clk_IBUF_BUFG_inst/I
                         BUFG (Prop_bufg_I_O)         0.096     1.814 r  clk_IBUF_BUFG_inst/O
                         net (fo=5400, unplaced)      0.584     2.398    ntt/BU/clk_IBUF_BUFG
                         FDRE                                         r  ntt/BU/diff_in0_reg_reg[1]/C
  -------------------------------------------------------------------    -------------------
                         FDRE (Prop_fdre_C_Q)         0.478     2.876 r  ntt/BU/diff_in0_reg_reg[1]/Q
                         net (fo=1, unplaced)         0.800     3.676    Kyber_Client/NTT_core_Client/butterfly_Cli/mult_gen_0/<hidden>/<hidden>/<hidden>
                         DSP48E1                                      r  Kyber_Client/NTT_core_Client/butterfly_Cli/mult_gen_0/<hidden>/<hidden>/<hidden>
  -------------------------------------------------------------------    -------------------

                         (clock clk rise edge)        6.000     6.000 r  
                                                      0.000     6.000 r  clk (IN)
                         net (fo=0)                   0.000     6.000    clk
                                                                      r  clk_IBUF_inst/I
                         IBUF (Prop_ibuf_I_O)         0.785     6.785 r  clk_IBUF_inst/O
                         net (fo=1, unplaced)         0.760     7.545    clk_IBUF
                                                                      r  clk_IBUF_BUFG_inst/I
                         BUFG (Prop_bufg_I_O)         0.091     7.636 r  clk_IBUF_BUFG_inst/O
                         net (fo=5400, unplaced)      0.439     8.075    Kyber_Client/NTT_core_Client/butterfly_Cli/mult_gen_0/<hidden>/<hidden>/<hidden>
                         DSP48E1                                      r  Kyber_Client/NTT_core_Client/butterfly_Cli/mult_gen_0/<hidden>/<hidden>/<hidden>
                         clock pessimism              0.178     8.253    
                         clock uncertainty           -0.035     8.217    
                         DSP48E1 (Setup_dsp48e1_CLK_A[1])
                                                     -3.897     4.320    Kyber_Client/NTT_core_Client/butterfly_Cli/mult_gen_0/<hidden>/<hidden>/<hidden>
  -------------------------------------------------------------------
                         required time                          4.320    
                         arrival time                          -3.676    
  -------------------------------------------------------------------
                         slack                                  0.645    

Slack (MET) :             0.645ns  (required time - arrival time)
  Source:                 ntt/BU/diff_in0_reg_reg[2]/C
                            (rising edge-triggered cell FDRE clocked by clk  {rise@0.000ns fall@3.000ns period=6.000ns})
  Destination:            Kyber_Client/NTT_core_Client/butterfly_Cli/mult_gen_0/<hidden>/<hidden>/<hidden>
                            (rising edge-triggered cell DSP48E1 clocked by clk  {rise@0.000ns fall@3.000ns period=6.000ns})
  Path Group:             clk
  Path Type:              Setup (Max at Slow Process Corner)
  Requirement:            6.000ns  (clk rise@6.000ns - clk rise@0.000ns)
  Data Path Delay:        1.278ns  (logic 0.478ns (37.411%)  route 0.800ns (62.589%))
  Logic Levels:           0  
  Clock Path Skew:        -0.145ns (DCD - SCD + CPR)
    Destination Clock Delay (DCD):    2.075ns = ( 8.075 - 6.000 ) 
    Source Clock Delay      (SCD):    2.398ns
    Clock Pessimism Removal (CPR):    0.178ns
  Clock Uncertainty:      0.035ns  ((TSJ^2 + TIJ^2)^1/2 + DJ) / 2 + PE
    Total System Jitter     (TSJ):    0.071ns
    Total Input Jitter      (TIJ):    0.000ns
    Discrete Jitter          (DJ):    0.000ns
    Phase Error              (PE):    0.000ns

    Location             Delay type                Incr(ns)  Path(ns)    Netlist Resource(s)
  -------------------------------------------------------------------    -------------------
                         (clock clk rise edge)        0.000     0.000 r  
                                                      0.000     0.000 r  clk (IN)
                         net (fo=0)                   0.000     0.000    clk
                                                                      r  clk_IBUF_inst/I
                         IBUF (Prop_ibuf_I_O)         0.918     0.918 r  clk_IBUF_inst/O
                         net (fo=1, unplaced)         0.800     1.718    clk_IBUF
                                                                      r  clk_IBUF_BUFG_inst/I
                         BUFG (Prop_bufg_I_O)         0.096     1.814 r  clk_IBUF_BUFG_inst/O
                         net (fo=5400, unplaced)      0.584     2.398    ntt/BU/clk_IBUF_BUFG
                         FDRE                                         r  ntt/BU/diff_in0_reg_reg[2]/C
  -------------------------------------------------------------------    -------------------
                         FDRE (Prop_fdre_C_Q)         0.478     2.876 r  ntt/BU/diff_in0_reg_reg[2]/Q
                         net (fo=1, unplaced)         0.800     3.676    Kyber_Client/NTT_core_Client/butterfly_Cli/mult_gen_0/<hidden>/<hidden>/<hidden>
                         DSP48E1                                      r  Kyber_Client/NTT_core_Client/butterfly_Cli/mult_gen_0/<hidden>/<hidden>/<hidden>
  -------------------------------------------------------------------    -------------------

                         (clock clk rise edge)        6.000     6.000 r  
                                                      0.000     6.000 r  clk (IN)
                         net (fo=0)                   0.000     6.000    clk
                                                                      r  clk_IBUF_inst/I
                         IBUF (Prop_ibuf_I_O)         0.785     6.785 r  clk_IBUF_inst/O
                         net (fo=1, unplaced)         0.760     7.545    clk_IBUF
                                                                      r  clk_IBUF_BUFG_inst/I
                         BUFG (Prop_bufg_I_O)         0.091     7.636 r  clk_IBUF_BUFG_inst/O
                         net (fo=5400, unplaced)      0.439     8.075    Kyber_Client/NTT_core_Client/butterfly_Cli/mult_gen_0/<hidden>/<hidden>/<hidden>
                         DSP48E1                                      r  Kyber_Client/NTT_core_Client/butterfly_Cli/mult_gen_0/<hidden>/<hidden>/<hidden>
                         clock pessimism              0.178     8.253    
                         clock uncertainty           -0.035     8.217    
                         DSP48E1 (Setup_dsp48e1_CLK_A[2])
                                                     -3.897     4.320    Kyber_Client/NTT_core_Client/butterfly_Cli/mult_gen_0/<hidden>/<hidden>/<hidden>
  -------------------------------------------------------------------
                         required time                          4.320    
                         arrival time                          -3.676    
  -------------------------------------------------------------------
                         slack                                  0.645    

Slack (MET) :             0.645ns  (required time - arrival time)
  Source:                 ntt/BU/diff_in0_reg_reg[3]/C
                            (rising edge-triggered cell FDRE clocked by clk  {rise@0.000ns fall@3.000ns period=6.000ns})
  Destination:            Kyber_Client/NTT_core_Client/butterfly_Cli/mult_gen_0/<hidden>/<hidden>/<hidden>
                            (rising edge-triggered cell DSP48E1 clocked by clk  {rise@0.000ns fall@3.000ns period=6.000ns})
  Path Group:             clk
  Path Type:              Setup (Max at Slow Process Corner)
  Requirement:            6.000ns  (clk rise@6.000ns - clk rise@0.000ns)
  Data Path Delay:        1.278ns  (logic 0.478ns (37.411%)  route 0.800ns (62.589%))
  Logic Levels:           0  
  Clock Path Skew:        -0.145ns (DCD - SCD + CPR)
    Destination Clock Delay (DCD):    2.075ns = ( 8.075 - 6.000 ) 
    Source Clock Delay      (SCD):    2.398ns
    Clock Pessimism Removal (CPR):    0.178ns
  Clock Uncertainty:      0.035ns  ((TSJ^2 + TIJ^2)^1/2 + DJ) / 2 + PE
    Total System Jitter     (TSJ):    0.071ns
    Total Input Jitter      (TIJ):    0.000ns
    Discrete Jitter          (DJ):    0.000ns
    Phase Error              (PE):    0.000ns

    Location             Delay type                Incr(ns)  Path(ns)    Netlist Resource(s)
  -------------------------------------------------------------------    -------------------
                         (clock clk rise edge)        0.000     0.000 r  
                                                      0.000     0.000 r  clk (IN)
                         net (fo=0)                   0.000     0.000    clk
                                                                      r  clk_IBUF_inst/I
                         IBUF (Prop_ibuf_I_O)         0.918     0.918 r  clk_IBUF_inst/O
                         net (fo=1, unplaced)         0.800     1.718    clk_IBUF
                                                                      r  clk_IBUF_BUFG_inst/I
                         BUFG (Prop_bufg_I_O)         0.096     1.814 r  clk_IBUF_BUFG_inst/O
                         net (fo=5400, unplaced)      0.584     2.398    ntt/BU/clk_IBUF_BUFG
                         FDRE                                         r  ntt/BU/diff_in0_reg_reg[3]/C
  -------------------------------------------------------------------    -------------------
                         FDRE (Prop_fdre_C_Q)         0.478     2.876 r  ntt/BU/diff_in0_reg_reg[3]/Q
                         net (fo=1, unplaced)         0.800     3.676    Kyber_Client/NTT_core_Client/butterfly_Cli/mult_gen_0/<hidden>/<hidden>/<hidden>
                         DSP48E1                                      r  Kyber_Client/NTT_core_Client/butterfly_Cli/mult_gen_0/<hidden>/<hidden>/<hidden>
  -------------------------------------------------------------------    -------------------

                         (clock clk rise edge)        6.000     6.000 r  
                                                      0.000     6.000 r  clk (IN)
                         net (fo=0)                   0.000     6.000    clk
                                                                      r  clk_IBUF_inst/I
                         IBUF (Prop_ibuf_I_O)         0.785     6.785 r  clk_IBUF_inst/O
                         net (fo=1, unplaced)         0.760     7.545    clk_IBUF
                                                                      r  clk_IBUF_BUFG_inst/I
                         BUFG (Prop_bufg_I_O)         0.091     7.636 r  clk_IBUF_BUFG_inst/O
                         net (fo=5400, unplaced)      0.439     8.075    Kyber_Client/NTT_core_Client/butterfly_Cli/mult_gen_0/<hidden>/<hidden>/<hidden>
                         DSP48E1                                      r  Kyber_Client/NTT_core_Client/butterfly_Cli/mult_gen_0/<hidden>/<hidden>/<hidden>
                         clock pessimism              0.178     8.253    
                         clock uncertainty           -0.035     8.217    
                         DSP48E1 (Setup_dsp48e1_CLK_A[3])
                                                     -3.897     4.320    Kyber_Client/NTT_core_Client/butterfly_Cli/mult_gen_0/<hidden>/<hidden>/<hidden>
  -------------------------------------------------------------------
                         required time                          4.320    
                         arrival time                          -3.676    
  -------------------------------------------------------------------
                         slack                                  0.645    

Slack (MET) :             0.645ns  (required time - arrival time)
  Source:                 ntt/BU/diff_in0_reg_reg[4]/C
                            (rising edge-triggered cell FDRE clocked by clk  {rise@0.000ns fall@3.000ns period=6.000ns})
  Destination:            Kyber_Client/NTT_core_Client/butterfly_Cli/mult_gen_0/<hidden>/<hidden>/<hidden>
                            (rising edge-triggered cell DSP48E1 clocked by clk  {rise@0.000ns fall@3.000ns period=6.000ns})
  Path Group:             clk
  Path Type:              Setup (Max at Slow Process Corner)
  Requirement:            6.000ns  (clk rise@6.000ns - clk rise@0.000ns)
  Data Path Delay:        1.278ns  (logic 0.478ns (37.411%)  route 0.800ns (62.589%))
  Logic Levels:           0  
  Clock Path Skew:        -0.145ns (DCD - SCD + CPR)
    Destination Clock Delay (DCD):    2.075ns = ( 8.075 - 6.000 ) 
    Source Clock Delay      (SCD):    2.398ns
    Clock Pessimism Removal (CPR):    0.178ns
  Clock Uncertainty:      0.035ns  ((TSJ^2 + TIJ^2)^1/2 + DJ) / 2 + PE
    Total System Jitter     (TSJ):    0.071ns
    Total Input Jitter      (TIJ):    0.000ns
    Discrete Jitter          (DJ):    0.000ns
    Phase Error              (PE):    0.000ns

    Location             Delay type                Incr(ns)  Path(ns)    Netlist Resource(s)
  -------------------------------------------------------------------    -------------------
                         (clock clk rise edge)        0.000     0.000 r  
                                                      0.000     0.000 r  clk (IN)
                         net (fo=0)                   0.000     0.000    clk
                                                                      r  clk_IBUF_inst/I
                         IBUF (Prop_ibuf_I_O)         0.918     0.918 r  clk_IBUF_inst/O
                         net (fo=1, unplaced)         0.800     1.718    clk_IBUF
                                                                      r  clk_IBUF_BUFG_inst/I
                         BUFG (Prop_bufg_I_O)         0.096     1.814 r  clk_IBUF_BUFG_inst/O
                         net (fo=5400, unplaced)      0.584     2.398    ntt/BU/clk_IBUF_BUFG
                         FDRE                                         r  ntt/BU/diff_in0_reg_reg[4]/C
  -------------------------------------------------------------------    -------------------
                         FDRE (Prop_fdre_C_Q)         0.478     2.876 r  ntt/BU/diff_in0_reg_reg[4]/Q
                         net (fo=1, unplaced)         0.800     3.676    Kyber_Client/NTT_core_Client/butterfly_Cli/mult_gen_0/<hidden>/<hidden>/<hidden>
                         DSP48E1                                      r  Kyber_Client/NTT_core_Client/butterfly_Cli/mult_gen_0/<hidden>/<hidden>/<hidden>
  -------------------------------------------------------------------    -------------------

                         (clock clk rise edge)        6.000     6.000 r  
                                                      0.000     6.000 r  clk (IN)
                         net (fo=0)                   0.000     6.000    clk
                                                                      r  clk_IBUF_inst/I
                         IBUF (Prop_ibuf_I_O)         0.785     6.785 r  clk_IBUF_inst/O
                         net (fo=1, unplaced)         0.760     7.545    clk_IBUF
                                                                      r  clk_IBUF_BUFG_inst/I
                         BUFG (Prop_bufg_I_O)         0.091     7.636 r  clk_IBUF_BUFG_inst/O
                         net (fo=5400, unplaced)      0.439     8.075    Kyber_Client/NTT_core_Client/butterfly_Cli/mult_gen_0/<hidden>/<hidden>/<hidden>
                         DSP48E1                                      r  Kyber_Client/NTT_core_Client/butterfly_Cli/mult_gen_0/<hidden>/<hidden>/<hidden>
                         clock pessimism              0.178     8.253    
                         clock uncertainty           -0.035     8.217    
                         DSP48E1 (Setup_dsp48e1_CLK_A[4])
                                                     -3.897     4.320    Kyber_Client/NTT_core_Client/butterfly_Cli/mult_gen_0/<hidden>/<hidden>/<hidden>
  -------------------------------------------------------------------
                         required time                          4.320    
                         arrival time                          -3.676    
  -------------------------------------------------------------------
                         slack                                  0.645    

Slack (MET) :             0.645ns  (required time - arrival time)
  Source:                 ntt/BU/diff_in0_reg_reg[5]/C
                            (rising edge-triggered cell FDRE clocked by clk  {rise@0.000ns fall@3.000ns period=6.000ns})
  Destination:            Kyber_Client/NTT_core_Client/butterfly_Cli/mult_gen_0/<hidden>/<hidden>/<hidden>
                            (rising edge-triggered cell DSP48E1 clocked by clk  {rise@0.000ns fall@3.000ns period=6.000ns})
  Path Group:             clk
  Path Type:              Setup (Max at Slow Process Corner)
  Requirement:            6.000ns  (clk rise@6.000ns - clk rise@0.000ns)
  Data Path Delay:        1.278ns  (logic 0.478ns (37.411%)  route 0.800ns (62.589%))
  Logic Levels:           0  
  Clock Path Skew:        -0.145ns (DCD - SCD + CPR)
    Destination Clock Delay (DCD):    2.075ns = ( 8.075 - 6.000 ) 
    Source Clock Delay      (SCD):    2.398ns
    Clock Pessimism Removal (CPR):    0.178ns
  Clock Uncertainty:      0.035ns  ((TSJ^2 + TIJ^2)^1/2 + DJ) / 2 + PE
    Total System Jitter     (TSJ):    0.071ns
    Total Input Jitter      (TIJ):    0.000ns
    Discrete Jitter          (DJ):    0.000ns
    Phase Error              (PE):    0.000ns

    Location             Delay type                Incr(ns)  Path(ns)    Netlist Resource(s)
  -------------------------------------------------------------------    -------------------
                         (clock clk rise edge)        0.000     0.000 r  
                                                      0.000     0.000 r  clk (IN)
                         net (fo=0)                   0.000     0.000    clk
                                                                      r  clk_IBUF_inst/I
                         IBUF (Prop_ibuf_I_O)         0.918     0.918 r  clk_IBUF_inst/O
                         net (fo=1, unplaced)         0.800     1.718    clk_IBUF
                                                                      r  clk_IBUF_BUFG_inst/I
                         BUFG (Prop_bufg_I_O)         0.096     1.814 r  clk_IBUF_BUFG_inst/O
                         net (fo=5400, unplaced)      0.584     2.398    ntt/BU/clk_IBUF_BUFG
                         FDRE                                         r  ntt/BU/diff_in0_reg_reg[5]/C
  -------------------------------------------------------------------    -------------------
                         FDRE (Prop_fdre_C_Q)         0.478     2.876 r  ntt/BU/diff_in0_reg_reg[5]/Q
                         net (fo=1, unplaced)         0.800     3.676    Kyber_Client/NTT_core_Client/butterfly_Cli/mult_gen_0/<hidden>/<hidden>/<hidden>
                         DSP48E1                                      r  Kyber_Client/NTT_core_Client/butterfly_Cli/mult_gen_0/<hidden>/<hidden>/<hidden>
  -------------------------------------------------------------------    -------------------

                         (clock clk rise edge)        6.000     6.000 r  
                                                      0.000     6.000 r  clk (IN)
                         net (fo=0)                   0.000     6.000    clk
                                                                      r  clk_IBUF_inst/I
                         IBUF (Prop_ibuf_I_O)         0.785     6.785 r  clk_IBUF_inst/O
                         net (fo=1, unplaced)         0.760     7.545    clk_IBUF
                                                                      r  clk_IBUF_BUFG_inst/I
                         BUFG (Prop_bufg_I_O)         0.091     7.636 r  clk_IBUF_BUFG_inst/O
                         net (fo=5400, unplaced)      0.439     8.075    Kyber_Client/NTT_core_Client/butterfly_Cli/mult_gen_0/<hidden>/<hidden>/<hidden>
                         DSP48E1                                      r  Kyber_Client/NTT_core_Client/butterfly_Cli/mult_gen_0/<hidden>/<hidden>/<hidden>
                         clock pessimism              0.178     8.253    
                         clock uncertainty           -0.035     8.217    
                         DSP48E1 (Setup_dsp48e1_CLK_A[5])
                                                     -3.897     4.320    Kyber_Client/NTT_core_Client/butterfly_Cli/mult_gen_0/<hidden>/<hidden>/<hidden>
  -------------------------------------------------------------------
                         required time                          4.320    
                         arrival time                          -3.676    
  -------------------------------------------------------------------
                         slack                                  0.645    




