Copyright 1986-2022 Xilinx, Inc. All Rights Reserved. Copyright 2022-2025 Advanced Micro Devices, Inc. All Rights Reserved.
-----------------------------------------------------------------------------------------------------------------------------------------------------------------------------------------------------------
| Tool Version : Vivado v.2025.2 (lin64) Build 6299465 Fri Nov 14 12:34:56 MST 2025
| Date         : Thu Apr  9 10:23:55 2026
| Host         : xanadu running 64-bit Manjaro Linux
| Command      : report_timing_summary -max_paths 10 -file Kyber_Client_timing_summary_routed.rpt -pb Kyber_Client_timing_summary_routed.pb -rpx Kyber_Client_timing_summary_routed.rpx -warn_on_violation
| Design       : Kyber_Client
| Device       : 7a12t-cpg238
| Speed File   : -1  PRODUCTION 1.23 2018-06-13
| Design State : Routed
-----------------------------------------------------------------------------------------------------------------------------------------------------------------------------------------------------------

Timing Summary Report

------------------------------------------------------------------------------------------------
| Timer Settings
| --------------
------------------------------------------------------------------------------------------------

  Enable Multi Corner Analysis               :  Yes
  Enable Pessimism Removal                   :  Yes
  Pessimism Removal Resolution               :  Nearest Common Node
  Enable Input Delay Default Clock           :  No
  Enable Preset / Clear Arcs                 :  No
  Disable Flight Delays                      :  No
  Ignore I/O Paths                           :  No
  Timing Early Launch at Borrowing Latches   :  No
  Borrow Time for Max Delay Exceptions       :  Yes
  Merge Timing Exceptions                    :  Yes
  Inter-SLR Compensation                     :  Conservative

  Corner  Analyze    Analyze    
  Name    Max Paths  Min Paths  
  ------  ---------  ---------  
  Slow    Yes        Yes        
  Fast    Yes        Yes        


------------------------------------------------------------------------------------------------
| Report Methodology
| ------------------
------------------------------------------------------------------------------------------------

Rule       Severity  Description                    Violations  
---------  --------  -----------------------------  ----------  
TIMING-18  Warning   Missing input or output delay  75          

Note: This report is based on the most recent report_methodology run and may not be up-to-date. Run report_methodology on the current design for the latest report.



check_timing report

Table of Contents
-----------------
1. checking no_clock (0)
2. checking constant_clock (0)
3. checking pulse_width_clock (0)
4. checking unconstrained_internal_endpoints (0)
5. checking no_input_delay (40)
6. checking no_output_delay (35)
7. checking multiple_clock (0)
8. checking generated_clocks (0)
9. checking loops (0)
10. checking partial_input_delay (0)
11. checking partial_output_delay (0)
12. checking latch_loops (0)

1. checking no_clock (0)
------------------------
 There are 0 register/latch pins with no clock.


2. checking constant_clock (0)
------------------------------
 There are 0 register/latch pins with constant_clock.


3. checking pulse_width_clock (0)
---------------------------------
 There are 0 register/latch pins which need pulse_width check


4. checking unconstrained_internal_endpoints (0)
------------------------------------------------
 There are 0 pins that are not constrained for maximum delay.

 There are 0 pins that are not constrained for maximum delay due to constant clock.


5. checking no_input_delay (40)
-------------------------------
 There are 40 input ports with no input delay specified. (HIGH)

 There are 0 input ports with no input delay but user has a false path constraint.


6. checking no_output_delay (35)
--------------------------------
 There are 35 ports with no output delay specified. (HIGH)

 There are 0 ports with no output delay but user has a false path constraint

 There are 0 ports with no output delay but with a timing clock defined on it or propagating through it


7. checking multiple_clock (0)
------------------------------
 There are 0 register/latch pins with multiple clocks.


8. checking generated_clocks (0)
--------------------------------
 There are 0 generated clocks that are not connected to a clock source.


9. checking loops (0)
---------------------
 There are 0 combinational loops in the design.


10. checking partial_input_delay (0)
------------------------------------
 There are 0 input ports with partial input delay specified.


11. checking partial_output_delay (0)
-------------------------------------
 There are 0 ports with partial output delay specified.


12. checking latch_loops (0)
----------------------------
 There are 0 combinational latch loops in the design through latch input



------------------------------------------------------------------------------------------------
| Design Timing Summary
| ---------------------
------------------------------------------------------------------------------------------------

    WNS(ns)      TNS(ns)  TNS Failing Endpoints  TNS Total Endpoints      WHS(ns)      THS(ns)  THS Failing Endpoints  THS Total Endpoints     WPWS(ns)     TPWS(ns)  TPWS Failing Endpoints  TPWS Total Endpoints  
    -------      -------  ---------------------  -------------------      -------      -------  ---------------------  -------------------     --------     --------  ----------------------  --------------------  
      0.054        0.000                      0                17574        0.037        0.000                      0                17574        1.750        0.000                       0                  5358  


All user specified timing constraints are met.


------------------------------------------------------------------------------------------------
| Clock Summary
| -------------
------------------------------------------------------------------------------------------------

Clock  Waveform(ns)         Period(ns)      Frequency(MHz)
-----  ------------         ----------      --------------
clk    {0.000 3.000}        6.000           166.667         


------------------------------------------------------------------------------------------------
| Intra Clock Table
| -----------------
------------------------------------------------------------------------------------------------

Clock             WNS(ns)      TNS(ns)  TNS Failing Endpoints  TNS Total Endpoints      WHS(ns)      THS(ns)  THS Failing Endpoints  THS Total Endpoints     WPWS(ns)     TPWS(ns)  TPWS Failing Endpoints  TPWS Total Endpoints  
-----             -------      -------  ---------------------  -------------------      -------      -------  ---------------------  -------------------     --------     --------  ----------------------  --------------------  
clk                 0.054        0.000                      0                17574        0.037        0.000                      0                17574        1.750        0.000                       0                  5358  


------------------------------------------------------------------------------------------------
| Inter Clock Table
| -----------------
------------------------------------------------------------------------------------------------

From Clock    To Clock          WNS(ns)      TNS(ns)  TNS Failing Endpoints  TNS Total Endpoints      WHS(ns)      THS(ns)  THS Failing Endpoints  THS Total Endpoints  
----------    --------          -------      -------  ---------------------  -------------------      -------      -------  ---------------------  -------------------  


------------------------------------------------------------------------------------------------
| Other Path Groups Table
| -----------------------
------------------------------------------------------------------------------------------------

Path Group    From Clock    To Clock          WNS(ns)      TNS(ns)  TNS Failing Endpoints  TNS Total Endpoints      WHS(ns)      THS(ns)  THS Failing Endpoints  THS Total Endpoints  
----------    ----------    --------          -------      -------  ---------------------  -------------------      -------      -------  ---------------------  -------------------  


------------------------------------------------------------------------------------------------
| Timing Details
| --------------
------------------------------------------------------------------------------------------------


---------------------------------------------------------------------------------------------------
From Clock:  clk
  To Clock:  clk

Setup :            0  Failing Endpoints,  Worst Slack        0.054ns,  Total Violation        0.000ns
Hold  :            0  Failing Endpoints,  Worst Slack        0.037ns,  Total Violation        0.000ns
PW    :            0  Failing Endpoints,  Worst Slack        1.750ns,  Total Violation        0.000ns
---------------------------------------------------------------------------------------------------


Max Delay Paths
--------------------------------------------------------------------------------------
Slack (MET) :             0.054ns  (required time - arrival time)
  Source:                 ntt/ctrl_butt_reg[0]/C
                            (rising edge-triggered cell FDRE clocked by clk  {rise@0.000ns fall@3.000ns period=6.000ns})
  Destination:            ntt/BU/sum_in0_reg_reg[11]/D
                            (rising edge-triggered cell FDRE clocked by clk  {rise@0.000ns fall@3.000ns period=6.000ns})
  Path Group:             clk
  Path Type:              Setup (Max at Slow Process Corner)
  Requirement:            6.000ns  (clk rise@6.000ns - clk rise@0.000ns)
  Data Path Delay:        5.903ns  (logic 3.445ns (58.357%)  route 2.458ns (41.643%))
  Logic Levels:           12  (CARRY4=8 LUT4=1 LUT5=2 LUT6=1)
  Clock Path Skew:        -0.039ns (DCD - SCD + CPR)
    Destination Clock Delay (DCD):    4.195ns = ( 10.195 - 6.000 ) 
    Source Clock Delay      (SCD):    4.556ns
    Clock Pessimism Removal (CPR):    0.322ns
  Clock Uncertainty:      0.035ns  ((TSJ^2 + TIJ^2)^1/2 + DJ) / 2 + PE
    Total System Jitter     (TSJ):    0.071ns
    Total Input Jitter      (TIJ):    0.000ns
    Discrete Jitter          (DJ):    0.000ns
    Phase Error              (PE):    0.000ns

    Location             Delay type                Incr(ns)  Path(ns)    Netlist Resource(s)
  -------------------------------------------------------------------    -------------------
                         (clock clk rise edge)        0.000     0.000 r  
    K18                                               0.000     0.000 r  clk (IN)
                         net (fo=0)                   0.000     0.000    clk
    K18                  IBUF (Prop_ibuf_I_O)         0.931     0.931 r  clk_IBUF_inst/O
                         net (fo=1, routed)           1.966     2.896    clk_IBUF
    BUFGCTRL_X0Y0        BUFG (Prop_bufg_I_O)         0.096     2.992 r  clk_IBUF_BUFG_inst/O
                         net (fo=5357, routed)        1.563     4.556    ntt/clk_IBUF_BUFG
    SLICE_X18Y2          FDRE                                         r  ntt/ctrl_butt_reg[0]/C
  -------------------------------------------------------------------    -------------------
    SLICE_X18Y2          FDRE (Prop_fdre_C_Q)         0.518     5.074 r  ntt/ctrl_butt_reg[0]/Q
                         net (fo=27, routed)          1.071     6.145    ntt/BU/flag_sr_r1_reg[3]_0[0]
    SLICE_X17Y1          LUT5 (Prop_lut5_I2_O)        0.154     6.299 r  ntt/BU/sum_in0__0_carry_i_9/O
                         net (fo=1, routed)           0.287     6.586    ntt/BU/sum_in0__0_carry_i_9_n_0
    SLICE_X19Y1          LUT6 (Prop_lut6_I0_O)        0.327     6.913 r  ntt/BU/sum_in0__0_carry_i_6/O
                         net (fo=1, routed)           0.000     6.913    ntt/BU/sum_in0__0_carry_i_6_n_0
    SLICE_X19Y1          CARRY4 (Prop_carry4_S[2]_CO[3])
                                                      0.398     7.311 r  ntt/BU/sum_in0__0_carry/CO[3]
                         net (fo=1, routed)           0.000     7.311    ntt/BU/sum_in0__0_carry_n_0
    SLICE_X19Y2          CARRY4 (Prop_carry4_CI_CO[3])
                                                      0.114     7.425 r  ntt/BU/sum_in0__0_carry__0/CO[3]
                         net (fo=1, routed)           0.000     7.425    ntt/BU/sum_in0__0_carry__0_n_0
    SLICE_X19Y3          CARRY4 (Prop_carry4_CI_CO[3])
                                                      0.114     7.539 r  ntt/BU/sum_in0__0_carry__1/CO[3]
                         net (fo=1, routed)           0.000     7.539    ntt/BU/sum_in0__0_carry__1_n_0
    SLICE_X19Y4          CARRY4 (Prop_carry4_CI_O[0])
                                                      0.222     7.761 r  ntt/BU/sum_in0__0_carry__2/O[0]
                         net (fo=7, routed)           0.523     8.283    ntt/BU/sum_in0[12]
    SLICE_X20Y1          LUT4 (Prop_lut4_I3_O)        0.299     8.582 r  ntt/BU/sum_in0_q_carry_i_1/O
                         net (fo=1, routed)           0.000     8.582    ntt/BU/sum_in0_q_carry_i_1_n_0
    SLICE_X20Y1          CARRY4 (Prop_carry4_S[1]_CO[3])
                                                      0.550     9.132 r  ntt/BU/sum_in0_q_carry/CO[3]
                         net (fo=1, routed)           0.000     9.132    ntt/BU/sum_in0_q_carry_n_0
    SLICE_X20Y2          CARRY4 (Prop_carry4_CI_CO[3])
                                                      0.114     9.246 r  ntt/BU/sum_in0_q_carry__0/CO[3]
                         net (fo=1, routed)           0.000     9.246    ntt/BU/sum_in0_q_carry__0_n_0
    SLICE_X20Y3          CARRY4 (Prop_carry4_CI_CO[3])
                                                      0.114     9.360 r  ntt/BU/sum_in0_q_carry__1/CO[3]
                         net (fo=1, routed)           0.000     9.360    ntt/BU/sum_in0_q_carry__1_n_0
    SLICE_X20Y4          CARRY4 (Prop_carry4_CI_O[0])
                                                      0.222     9.582 r  ntt/BU/sum_in0_q_carry__2/O[0]
                         net (fo=1, routed)           0.578    10.160    ntt/BU/sum_in0_q[12]
    SLICE_X20Y5          LUT5 (Prop_lut5_I2_O)        0.299    10.459 r  ntt/BU/sum_in0_reg[11]_i_1/O
                         net (fo=1, routed)           0.000    10.459    ntt/BU/sum_in0_reg[11]_i_1_n_0
    SLICE_X20Y5          FDRE                                         r  ntt/BU/sum_in0_reg_reg[11]/D
  -------------------------------------------------------------------    -------------------

                         (clock clk rise edge)        6.000     6.000 r  
    K18                                               0.000     6.000 r  clk (IN)
                         net (fo=0)                   0.000     6.000    clk
    K18                  IBUF (Prop_ibuf_I_O)         0.798     6.798 r  clk_IBUF_inst/O
                         net (fo=1, routed)           1.862     8.660    clk_IBUF
    BUFGCTRL_X0Y0        BUFG (Prop_bufg_I_O)         0.091     8.751 r  clk_IBUF_BUFG_inst/O
                         net (fo=5357, routed)        1.444    10.195    ntt/BU/clk_IBUF_BUFG
    SLICE_X20Y5          FDRE                                         r  ntt/BU/sum_in0_reg_reg[11]/C
                         clock pessimism              0.322    10.517    
                         clock uncertainty           -0.035    10.481    
    SLICE_X20Y5          FDRE (Setup_fdre_C_D)        0.032    10.513    ntt/BU/sum_in0_reg_reg[11]
  -------------------------------------------------------------------
                         required time                         10.513    
                         arrival time                         -10.459    
  -------------------------------------------------------------------
                         slack                                  0.054    

Slack (MET) :             0.062ns  (required time - arrival time)
  Source:                 ntt/in0_butt_reg[21]/C
                            (rising edge-triggered cell FDRE clocked by clk  {rise@0.000ns fall@3.000ns period=6.000ns})
  Destination:            ntt/BU/sum_in1_reg_reg[11]/D
                            (rising edge-triggered cell FDRE clocked by clk  {rise@0.000ns fall@3.000ns period=6.000ns})
  Path Group:             clk
  Path Type:              Setup (Max at Slow Process Corner)
  Requirement:            6.000ns  (clk rise@6.000ns - clk rise@0.000ns)
  Data Path Delay:        5.898ns  (logic 3.056ns (51.815%)  route 2.842ns (48.185%))
  Logic Levels:           8  (CARRY4=4 LUT4=2 LUT5=2)
  Clock Path Skew:        -0.037ns (DCD - SCD + CPR)
    Destination Clock Delay (DCD):    4.198ns = ( 10.198 - 6.000 ) 
    Source Clock Delay      (SCD):    4.557ns
    Clock Pessimism Removal (CPR):    0.322ns
  Clock Uncertainty:      0.035ns  ((TSJ^2 + TIJ^2)^1/2 + DJ) / 2 + PE
    Total System Jitter     (TSJ):    0.071ns
    Total Input Jitter      (TIJ):    0.000ns
    Discrete Jitter          (DJ):    0.000ns
    Phase Error              (PE):    0.000ns

    Location             Delay type                Incr(ns)  Path(ns)    Netlist Resource(s)
  -------------------------------------------------------------------    -------------------
                         (clock clk rise edge)        0.000     0.000 r  
    K18                                               0.000     0.000 r  clk (IN)
                         net (fo=0)                   0.000     0.000    clk
    K18                  IBUF (Prop_ibuf_I_O)         0.931     0.931 r  clk_IBUF_inst/O
                         net (fo=1, routed)           1.966     2.896    clk_IBUF
    BUFGCTRL_X0Y0        BUFG (Prop_bufg_I_O)         0.096     2.992 r  clk_IBUF_BUFG_inst/O
                         net (fo=5357, routed)        1.564     4.557    ntt/clk_IBUF_BUFG
    SLICE_X21Y5          FDRE                                         r  ntt/in0_butt_reg[21]/C
  -------------------------------------------------------------------    -------------------
    SLICE_X21Y5          FDRE (Prop_fdre_C_Q)         0.456     5.013 r  ntt/in0_butt_reg[21]/Q
                         net (fo=9, routed)           0.983     5.996    ntt/BU/sum_in1_reg_reg[11]_0[21]
    SLICE_X26Y3          LUT4 (Prop_lut4_I1_O)        0.148     6.144 r  ntt/BU/sum_in1__0_carry__1_i_9/O
                         net (fo=1, routed)           0.538     6.681    ntt/BU/sum_in1__0_carry__1_i_9_n_0
    SLICE_X23Y3          LUT5 (Prop_lut5_I0_O)        0.328     7.009 r  ntt/BU/sum_in1__0_carry__1_i_7/O
                         net (fo=1, routed)           0.000     7.009    ntt/BU/sum_in1__0_carry__1_i_7_n_0
    SLICE_X23Y3          CARRY4 (Prop_carry4_S[1]_CO[3])
                                                      0.550     7.559 r  ntt/BU/sum_in1__0_carry__1/CO[3]
                         net (fo=1, routed)           0.000     7.559    ntt/BU/sum_in1__0_carry__1_n_0
    SLICE_X23Y4          CARRY4 (Prop_carry4_CI_O[0])
                                                      0.222     7.781 r  ntt/BU/sum_in1__0_carry__2/O[0]
                         net (fo=7, routed)           0.854     8.635    ntt/BU/sum_in1[12]
    SLICE_X25Y5          LUT4 (Prop_lut4_I3_O)        0.299     8.934 r  ntt/BU/sum_in1_q_carry__1_i_4/O
                         net (fo=1, routed)           0.000     8.934    ntt/BU/sum_in1_q_carry__1_i_4_n_0
    SLICE_X25Y5          CARRY4 (Prop_carry4_S[0]_CO[3])
                                                      0.532     9.466 r  ntt/BU/sum_in1_q_carry__1/CO[3]
                         net (fo=1, routed)           0.000     9.466    ntt/BU/sum_in1_q_carry__1_n_0
    SLICE_X25Y6          CARRY4 (Prop_carry4_CI_O[0])
                                                      0.222     9.688 r  ntt/BU/sum_in1_q_carry__2/O[0]
                         net (fo=1, routed)           0.468    10.156    ntt/BU/sum_in1_q[12]
    SLICE_X24Y6          LUT5 (Prop_lut5_I2_O)        0.299    10.455 r  ntt/BU/sum_in1_reg[11]_i_1/O
                         net (fo=1, routed)           0.000    10.455    ntt/BU/sum_in1_reg[11]_i_1_n_0
    SLICE_X24Y6          FDRE                                         r  ntt/BU/sum_in1_reg_reg[11]/D
  -------------------------------------------------------------------    -------------------

                         (clock clk rise edge)        6.000     6.000 r  
    K18                                               0.000     6.000 r  clk (IN)
                         net (fo=0)                   0.000     6.000    clk
    K18                  IBUF (Prop_ibuf_I_O)         0.798     6.798 r  clk_IBUF_inst/O
                         net (fo=1, routed)           1.862     8.660    clk_IBUF
    BUFGCTRL_X0Y0        BUFG (Prop_bufg_I_O)         0.091     8.751 r  clk_IBUF_BUFG_inst/O
                         net (fo=5357, routed)        1.447    10.198    ntt/BU/clk_IBUF_BUFG
    SLICE_X24Y6          FDRE                                         r  ntt/BU/sum_in1_reg_reg[11]/C
                         clock pessimism              0.322    10.520    
                         clock uncertainty           -0.035    10.484    
    SLICE_X24Y6          FDRE (Setup_fdre_C_D)        0.032    10.516    ntt/BU/sum_in1_reg_reg[11]
  -------------------------------------------------------------------
                         required time                         10.516    
                         arrival time                         -10.455    
  -------------------------------------------------------------------
                         slack                                  0.062    

Slack (MET) :             0.084ns  (required time - arrival time)
  Source:                 ntt/in0_butt_reg[21]/C
                            (rising edge-triggered cell FDRE clocked by clk  {rise@0.000ns fall@3.000ns period=6.000ns})
  Destination:            ntt/BU/sum_in1_reg_reg[10]/D
                            (rising edge-triggered cell FDRE clocked by clk  {rise@0.000ns fall@3.000ns period=6.000ns})
  Path Group:             clk
  Path Type:              Setup (Max at Slow Process Corner)
  Requirement:            6.000ns  (clk rise@6.000ns - clk rise@0.000ns)
  Data Path Delay:        5.875ns  (logic 3.208ns (54.605%)  route 2.667ns (45.395%))
  Logic Levels:           9  (CARRY4=5 LUT4=2 LUT5=2)
  Clock Path Skew:        -0.038ns (DCD - SCD + CPR)
    Destination Clock Delay (DCD):    4.197ns = ( 10.197 - 6.000 ) 
    Source Clock Delay      (SCD):    4.557ns
    Clock Pessimism Removal (CPR):    0.322ns
  Clock Uncertainty:      0.035ns  ((TSJ^2 + TIJ^2)^1/2 + DJ) / 2 + PE
    Total System Jitter     (TSJ):    0.071ns
    Total Input Jitter      (TIJ):    0.000ns
    Discrete Jitter          (DJ):    0.000ns
    Phase Error              (PE):    0.000ns

    Location             Delay type                Incr(ns)  Path(ns)    Netlist Resource(s)
  -------------------------------------------------------------------    -------------------
                         (clock clk rise edge)        0.000     0.000 r  
    K18                                               0.000     0.000 r  clk (IN)
                         net (fo=0)                   0.000     0.000    clk
    K18                  IBUF (Prop_ibuf_I_O)         0.931     0.931 r  clk_IBUF_inst/O
                         net (fo=1, routed)           1.966     2.896    clk_IBUF
    BUFGCTRL_X0Y0        BUFG (Prop_bufg_I_O)         0.096     2.992 r  clk_IBUF_BUFG_inst/O
                         net (fo=5357, routed)        1.564     4.557    ntt/clk_IBUF_BUFG
    SLICE_X21Y5          FDRE                                         r  ntt/in0_butt_reg[21]/C
  -------------------------------------------------------------------    -------------------
    SLICE_X21Y5          FDRE (Prop_fdre_C_Q)         0.456     5.013 r  ntt/in0_butt_reg[21]/Q
                         net (fo=9, routed)           0.983     5.996    ntt/BU/sum_in1_reg_reg[11]_0[21]
    SLICE_X26Y3          LUT4 (Prop_lut4_I1_O)        0.148     6.144 r  ntt/BU/sum_in1__0_carry__1_i_9/O
                         net (fo=1, routed)           0.538     6.681    ntt/BU/sum_in1__0_carry__1_i_9_n_0
    SLICE_X23Y3          LUT5 (Prop_lut5_I0_O)        0.328     7.009 r  ntt/BU/sum_in1__0_carry__1_i_7/O
                         net (fo=1, routed)           0.000     7.009    ntt/BU/sum_in1__0_carry__1_i_7_n_0
    SLICE_X23Y3          CARRY4 (Prop_carry4_S[1]_CO[3])
                                                      0.550     7.559 r  ntt/BU/sum_in1__0_carry__1/CO[3]
                         net (fo=1, routed)           0.000     7.559    ntt/BU/sum_in1__0_carry__1_n_0
    SLICE_X23Y4          CARRY4 (Prop_carry4_CI_O[0])
                                                      0.222     7.781 r  ntt/BU/sum_in1__0_carry__2/O[0]
                         net (fo=7, routed)           0.588     8.370    ntt/BU/sum_in1[12]
    SLICE_X25Y3          LUT4 (Prop_lut4_I3_O)        0.299     8.669 r  ntt/BU/sum_in1_q_carry_i_1/O
                         net (fo=1, routed)           0.000     8.669    ntt/BU/sum_in1_q_carry_i_1_n_0
    SLICE_X25Y3          CARRY4 (Prop_carry4_S[1]_CO[3])
                                                      0.550     9.219 r  ntt/BU/sum_in1_q_carry/CO[3]
                         net (fo=1, routed)           0.000     9.219    ntt/BU/sum_in1_q_carry_n_0
    SLICE_X25Y4          CARRY4 (Prop_carry4_CI_CO[3])
                                                      0.114     9.333 r  ntt/BU/sum_in1_q_carry__0/CO[3]
                         net (fo=1, routed)           0.000     9.333    ntt/BU/sum_in1_q_carry__0_n_0
    SLICE_X25Y5          CARRY4 (Prop_carry4_CI_O[2])
                                                      0.239     9.572 r  ntt/BU/sum_in1_q_carry__1/O[2]
                         net (fo=2, routed)           0.558    10.130    ntt/BU/sum_in1_q[10]
    SLICE_X25Y7          LUT5 (Prop_lut5_I0_O)        0.302    10.432 r  ntt/BU/sum_in1_reg[10]_i_1/O
                         net (fo=1, routed)           0.000    10.432    ntt/BU/sum_in1_reg[10]_i_1_n_0
    SLICE_X25Y7          FDRE                                         r  ntt/BU/sum_in1_reg_reg[10]/D
  -------------------------------------------------------------------    -------------------

                         (clock clk rise edge)        6.000     6.000 r  
    K18                                               0.000     6.000 r  clk (IN)
                         net (fo=0)                   0.000     6.000    clk
    K18                  IBUF (Prop_ibuf_I_O)         0.798     6.798 r  clk_IBUF_inst/O
                         net (fo=1, routed)           1.862     8.660    clk_IBUF
    BUFGCTRL_X0Y0        BUFG (Prop_bufg_I_O)         0.091     8.751 r  clk_IBUF_BUFG_inst/O
                         net (fo=5357, routed)        1.446    10.197    ntt/BU/clk_IBUF_BUFG
    SLICE_X25Y7          FDRE                                         r  ntt/BU/sum_in1_reg_reg[10]/C
                         clock pessimism              0.322    10.519    
                         clock uncertainty           -0.035    10.483    
    SLICE_X25Y7          FDRE (Setup_fdre_C_D)        0.032    10.515    ntt/BU/sum_in1_reg_reg[10]
  -------------------------------------------------------------------
                         required time                         10.515    
                         arrival time                         -10.432    
  -------------------------------------------------------------------
                         slack                                  0.084    

Slack (MET) :             0.085ns  (required time - arrival time)
  Source:                 ntt/in0_butt_reg[21]/C
                            (rising edge-triggered cell FDRE clocked by clk  {rise@0.000ns fall@3.000ns period=6.000ns})
  Destination:            ntt/BU/sum_in1_reg_reg[8]/D
                            (rising edge-triggered cell FDRE clocked by clk  {rise@0.000ns fall@3.000ns period=6.000ns})
  Path Group:             clk
  Path Type:              Setup (Max at Slow Process Corner)
  Requirement:            6.000ns  (clk rise@6.000ns - clk rise@0.000ns)
  Data Path Delay:        5.875ns  (logic 3.304ns (56.241%)  route 2.571ns (43.759%))
  Logic Levels:           9  (CARRY4=5 LUT4=2 LUT5=2)
  Clock Path Skew:        -0.036ns (DCD - SCD + CPR)
    Destination Clock Delay (DCD):    4.199ns = ( 10.199 - 6.000 ) 
    Source Clock Delay      (SCD):    4.557ns
    Clock Pessimism Removal (CPR):    0.322ns
  Clock Uncertainty:      0.035ns  ((TSJ^2 + TIJ^2)^1/2 + DJ) / 2 + PE
    Total System Jitter     (TSJ):    0.071ns
    Total Input Jitter      (TIJ):    0.000ns
    Discrete Jitter          (DJ):    0.000ns
    Phase Error              (PE):    0.000ns

    Location             Delay type                Incr(ns)  Path(ns)    Netlist Resource(s)
  -------------------------------------------------------------------    -------------------
                         (clock clk rise edge)        0.000     0.000 r  
    K18                                               0.000     0.000 r  clk (IN)
                         net (fo=0)                   0.000     0.000    clk
    K18                  IBUF (Prop_ibuf_I_O)         0.931     0.931 r  clk_IBUF_inst/O
                         net (fo=1, routed)           1.966     2.896    clk_IBUF
    BUFGCTRL_X0Y0        BUFG (Prop_bufg_I_O)         0.096     2.992 r  clk_IBUF_BUFG_inst/O
                         net (fo=5357, routed)        1.564     4.557    ntt/clk_IBUF_BUFG
    SLICE_X21Y5          FDRE                                         r  ntt/in0_butt_reg[21]/C
  -------------------------------------------------------------------    -------------------
    SLICE_X21Y5          FDRE (Prop_fdre_C_Q)         0.456     5.013 r  ntt/in0_butt_reg[21]/Q
                         net (fo=9, routed)           0.983     5.996    ntt/BU/sum_in1_reg_reg[11]_0[21]
    SLICE_X26Y3          LUT4 (Prop_lut4_I1_O)        0.148     6.144 r  ntt/BU/sum_in1__0_carry__1_i_9/O
                         net (fo=1, routed)           0.538     6.681    ntt/BU/sum_in1__0_carry__1_i_9_n_0
    SLICE_X23Y3          LUT5 (Prop_lut5_I0_O)        0.328     7.009 r  ntt/BU/sum_in1__0_carry__1_i_7/O
                         net (fo=1, routed)           0.000     7.009    ntt/BU/sum_in1__0_carry__1_i_7_n_0
    SLICE_X23Y3          CARRY4 (Prop_carry4_S[1]_CO[3])
                                                      0.550     7.559 r  ntt/BU/sum_in1__0_carry__1/CO[3]
                         net (fo=1, routed)           0.000     7.559    ntt/BU/sum_in1__0_carry__1_n_0
    SLICE_X23Y4          CARRY4 (Prop_carry4_CI_O[0])
                                                      0.222     7.781 r  ntt/BU/sum_in1__0_carry__2/O[0]
                         net (fo=7, routed)           0.588     8.370    ntt/BU/sum_in1[12]
    SLICE_X25Y3          LUT4 (Prop_lut4_I3_O)        0.299     8.669 r  ntt/BU/sum_in1_q_carry_i_1/O
                         net (fo=1, routed)           0.000     8.669    ntt/BU/sum_in1_q_carry_i_1_n_0
    SLICE_X25Y3          CARRY4 (Prop_carry4_S[1]_CO[3])
                                                      0.550     9.219 r  ntt/BU/sum_in1_q_carry/CO[3]
                         net (fo=1, routed)           0.000     9.219    ntt/BU/sum_in1_q_carry_n_0
    SLICE_X25Y4          CARRY4 (Prop_carry4_CI_CO[3])
                                                      0.114     9.333 r  ntt/BU/sum_in1_q_carry__0/CO[3]
                         net (fo=1, routed)           0.000     9.333    ntt/BU/sum_in1_q_carry__0_n_0
    SLICE_X25Y5          CARRY4 (Prop_carry4_CI_O[1])
                                                      0.334     9.667 r  ntt/BU/sum_in1_q_carry__1/O[1]
                         net (fo=2, routed)           0.462    10.128    ntt/BU/sum_in1_q[9]
    SLICE_X27Y5          LUT5 (Prop_lut5_I2_O)        0.303    10.431 r  ntt/BU/sum_in1_reg[8]_i_1/O
                         net (fo=1, routed)           0.000    10.431    ntt/BU/sum_in1_reg[8]_i_1_n_0
    SLICE_X27Y5          FDRE                                         r  ntt/BU/sum_in1_reg_reg[8]/D
  -------------------------------------------------------------------    -------------------

                         (clock clk rise edge)        6.000     6.000 r  
    K18                                               0.000     6.000 r  clk (IN)
                         net (fo=0)                   0.000     6.000    clk
    K18                  IBUF (Prop_ibuf_I_O)         0.798     6.798 r  clk_IBUF_inst/O
                         net (fo=1, routed)           1.862     8.660    clk_IBUF
    BUFGCTRL_X0Y0        BUFG (Prop_bufg_I_O)         0.091     8.751 r  clk_IBUF_BUFG_inst/O
                         net (fo=5357, routed)        1.448    10.199    ntt/BU/clk_IBUF_BUFG
    SLICE_X27Y5          FDRE                                         r  ntt/BU/sum_in1_reg_reg[8]/C
                         clock pessimism              0.322    10.521    
                         clock uncertainty           -0.035    10.485    
    SLICE_X27Y5          FDRE (Setup_fdre_C_D)        0.031    10.516    ntt/BU/sum_in1_reg_reg[8]
  -------------------------------------------------------------------
                         required time                         10.516    
                         arrival time                         -10.431    
  -------------------------------------------------------------------
                         slack                                  0.085    

Slack (MET) :             0.118ns  (required time - arrival time)
  Source:                 ntt/in0_butt_reg[21]/C
                            (rising edge-triggered cell FDRE clocked by clk  {rise@0.000ns fall@3.000ns period=6.000ns})
  Destination:            ntt/BU/sum_in1_reg_reg[9]/D
                            (rising edge-triggered cell FDRE clocked by clk  {rise@0.000ns fall@3.000ns period=6.000ns})
  Path Group:             clk
  Path Type:              Setup (Max at Slow Process Corner)
  Requirement:            6.000ns  (clk rise@6.000ns - clk rise@0.000ns)
  Data Path Delay:        5.839ns  (logic 3.304ns (56.583%)  route 2.535ns (43.417%))
  Logic Levels:           9  (CARRY4=5 LUT4=2 LUT5=2)
  Clock Path Skew:        -0.038ns (DCD - SCD + CPR)
    Destination Clock Delay (DCD):    4.197ns = ( 10.197 - 6.000 ) 
    Source Clock Delay      (SCD):    4.557ns
    Clock Pessimism Removal (CPR):    0.322ns
  Clock Uncertainty:      0.035ns  ((TSJ^2 + TIJ^2)^1/2 + DJ) / 2 + PE
    Total System Jitter     (TSJ):    0.071ns
    Total Input Jitter      (TIJ):    0.000ns
    Discrete Jitter          (DJ):    0.000ns
    Phase Error              (PE):    0.000ns

    Location             Delay type                Incr(ns)  Path(ns)    Netlist Resource(s)
  -------------------------------------------------------------------    -------------------
                         (clock clk rise edge)        0.000     0.000 r  
    K18                                               0.000     0.000 r  clk (IN)
                         net (fo=0)                   0.000     0.000    clk
    K18                  IBUF (Prop_ibuf_I_O)         0.931     0.931 r  clk_IBUF_inst/O
                         net (fo=1, routed)           1.966     2.896    clk_IBUF
    BUFGCTRL_X0Y0        BUFG (Prop_bufg_I_O)         0.096     2.992 r  clk_IBUF_BUFG_inst/O
                         net (fo=5357, routed)        1.564     4.557    ntt/clk_IBUF_BUFG
    SLICE_X21Y5          FDRE                                         r  ntt/in0_butt_reg[21]/C
  -------------------------------------------------------------------    -------------------
    SLICE_X21Y5          FDRE (Prop_fdre_C_Q)         0.456     5.013 r  ntt/in0_butt_reg[21]/Q
                         net (fo=9, routed)           0.983     5.996    ntt/BU/sum_in1_reg_reg[11]_0[21]
    SLICE_X26Y3          LUT4 (Prop_lut4_I1_O)        0.148     6.144 r  ntt/BU/sum_in1__0_carry__1_i_9/O
                         net (fo=1, routed)           0.538     6.681    ntt/BU/sum_in1__0_carry__1_i_9_n_0
    SLICE_X23Y3          LUT5 (Prop_lut5_I0_O)        0.328     7.009 r  ntt/BU/sum_in1__0_carry__1_i_7/O
                         net (fo=1, routed)           0.000     7.009    ntt/BU/sum_in1__0_carry__1_i_7_n_0
    SLICE_X23Y3          CARRY4 (Prop_carry4_S[1]_CO[3])
                                                      0.550     7.559 r  ntt/BU/sum_in1__0_carry__1/CO[3]
                         net (fo=1, routed)           0.000     7.559    ntt/BU/sum_in1__0_carry__1_n_0
    SLICE_X23Y4          CARRY4 (Prop_carry4_CI_O[0])
                                                      0.222     7.781 r  ntt/BU/sum_in1__0_carry__2/O[0]
                         net (fo=7, routed)           0.588     8.370    ntt/BU/sum_in1[12]
    SLICE_X25Y3          LUT4 (Prop_lut4_I3_O)        0.299     8.669 r  ntt/BU/sum_in1_q_carry_i_1/O
                         net (fo=1, routed)           0.000     8.669    ntt/BU/sum_in1_q_carry_i_1_n_0
    SLICE_X25Y3          CARRY4 (Prop_carry4_S[1]_CO[3])
                                                      0.550     9.219 r  ntt/BU/sum_in1_q_carry/CO[3]
                         net (fo=1, routed)           0.000     9.219    ntt/BU/sum_in1_q_carry_n_0
    SLICE_X25Y4          CARRY4 (Prop_carry4_CI_CO[3])
                                                      0.114     9.333 r  ntt/BU/sum_in1_q_carry__0/CO[3]
                         net (fo=1, routed)           0.000     9.333    ntt/BU/sum_in1_q_carry__0_n_0
    SLICE_X25Y5          CARRY4 (Prop_carry4_CI_O[1])
                                                      0.334     9.667 r  ntt/BU/sum_in1_q_carry__1/O[1]
                         net (fo=2, routed)           0.426    10.093    ntt/BU/sum_in1_q[9]
    SLICE_X25Y7          LUT5 (Prop_lut5_I0_O)        0.303    10.396 r  ntt/BU/sum_in1_reg[9]_i_1/O
                         net (fo=1, routed)           0.000    10.396    ntt/BU/sum_in1_reg[9]_i_1_n_0
    SLICE_X25Y7          FDRE                                         r  ntt/BU/sum_in1_reg_reg[9]/D
  -------------------------------------------------------------------    -------------------

                         (clock clk rise edge)        6.000     6.000 r  
    K18                                               0.000     6.000 r  clk (IN)
                         net (fo=0)                   0.000     6.000    clk
    K18                  IBUF (Prop_ibuf_I_O)         0.798     6.798 r  clk_IBUF_inst/O
                         net (fo=1, routed)           1.862     8.660    clk_IBUF
    BUFGCTRL_X0Y0        BUFG (Prop_bufg_I_O)         0.091     8.751 r  clk_IBUF_BUFG_inst/O
                         net (fo=5357, routed)        1.446    10.197    ntt/BU/clk_IBUF_BUFG
    SLICE_X25Y7          FDRE                                         r  ntt/BU/sum_in1_reg_reg[9]/C
                         clock pessimism              0.322    10.519    
                         clock uncertainty           -0.035    10.483    
    SLICE_X25Y7          FDRE (Setup_fdre_C_D)        0.031    10.514    ntt/BU/sum_in1_reg_reg[9]
  -------------------------------------------------------------------
                         required time                         10.514    
                         arrival time                         -10.396    
  -------------------------------------------------------------------
                         slack                                  0.118    

Slack (MET) :             0.126ns  (required time - arrival time)
  Source:                 ntt/in0_butt_reg[21]/C
                            (rising edge-triggered cell FDRE clocked by clk  {rise@0.000ns fall@3.000ns period=6.000ns})
  Destination:            ntt/BU/sum_in1_reg_reg[5]/D
                            (rising edge-triggered cell FDRE clocked by clk  {rise@0.000ns fall@3.000ns period=6.000ns})
  Path Group:             clk
  Path Type:              Setup (Max at Slow Process Corner)
  Requirement:            6.000ns  (clk rise@6.000ns - clk rise@0.000ns)
  Data Path Delay:        5.881ns  (logic 3.190ns (54.241%)  route 2.691ns (45.759%))
  Logic Levels:           8  (CARRY4=4 LUT4=2 LUT5=2)
  Clock Path Skew:        -0.036ns (DCD - SCD + CPR)
    Destination Clock Delay (DCD):    4.199ns = ( 10.199 - 6.000 ) 
    Source Clock Delay      (SCD):    4.557ns
    Clock Pessimism Removal (CPR):    0.322ns
  Clock Uncertainty:      0.035ns  ((TSJ^2 + TIJ^2)^1/2 + DJ) / 2 + PE
    Total System Jitter     (TSJ):    0.071ns
    Total Input Jitter      (TIJ):    0.000ns
    Discrete Jitter          (DJ):    0.000ns
    Phase Error              (PE):    0.000ns

    Location             Delay type                Incr(ns)  Path(ns)    Netlist Resource(s)
  -------------------------------------------------------------------    -------------------
                         (clock clk rise edge)        0.000     0.000 r  
    K18                                               0.000     0.000 r  clk (IN)
                         net (fo=0)                   0.000     0.000    clk
    K18                  IBUF (Prop_ibuf_I_O)         0.931     0.931 r  clk_IBUF_inst/O
                         net (fo=1, routed)           1.966     2.896    clk_IBUF
    BUFGCTRL_X0Y0        BUFG (Prop_bufg_I_O)         0.096     2.992 r  clk_IBUF_BUFG_inst/O
                         net (fo=5357, routed)        1.564     4.557    ntt/clk_IBUF_BUFG
    SLICE_X21Y5          FDRE                                         r  ntt/in0_butt_reg[21]/C
  -------------------------------------------------------------------    -------------------
    SLICE_X21Y5          FDRE (Prop_fdre_C_Q)         0.456     5.013 r  ntt/in0_butt_reg[21]/Q
                         net (fo=9, routed)           0.983     5.996    ntt/BU/sum_in1_reg_reg[11]_0[21]
    SLICE_X26Y3          LUT4 (Prop_lut4_I1_O)        0.148     6.144 r  ntt/BU/sum_in1__0_carry__1_i_9/O
                         net (fo=1, routed)           0.538     6.681    ntt/BU/sum_in1__0_carry__1_i_9_n_0
    SLICE_X23Y3          LUT5 (Prop_lut5_I0_O)        0.328     7.009 r  ntt/BU/sum_in1__0_carry__1_i_7/O
                         net (fo=1, routed)           0.000     7.009    ntt/BU/sum_in1__0_carry__1_i_7_n_0
    SLICE_X23Y3          CARRY4 (Prop_carry4_S[1]_CO[3])
                                                      0.550     7.559 r  ntt/BU/sum_in1__0_carry__1/CO[3]
                         net (fo=1, routed)           0.000     7.559    ntt/BU/sum_in1__0_carry__1_n_0
    SLICE_X23Y4          CARRY4 (Prop_carry4_CI_O[0])
                                                      0.222     7.781 r  ntt/BU/sum_in1__0_carry__2/O[0]
                         net (fo=7, routed)           0.588     8.370    ntt/BU/sum_in1[12]
    SLICE_X25Y3          LUT4 (Prop_lut4_I3_O)        0.299     8.669 r  ntt/BU/sum_in1_q_carry_i_1/O
                         net (fo=1, routed)           0.000     8.669    ntt/BU/sum_in1_q_carry_i_1_n_0
    SLICE_X25Y3          CARRY4 (Prop_carry4_S[1]_CO[3])
                                                      0.550     9.219 r  ntt/BU/sum_in1_q_carry/CO[3]
                         net (fo=1, routed)           0.000     9.219    ntt/BU/sum_in1_q_carry_n_0
    SLICE_X25Y4          CARRY4 (Prop_carry4_CI_O[1])
                                                      0.334     9.553 r  ntt/BU/sum_in1_q_carry__0/O[1]
                         net (fo=2, routed)           0.582    10.135    ntt/BU/sum_in1_q[5]
    SLICE_X26Y4          LUT5 (Prop_lut5_I0_O)        0.303    10.438 r  ntt/BU/sum_in1_reg[5]_i_1/O
                         net (fo=1, routed)           0.000    10.438    ntt/BU/sum_in1_reg[5]_i_1_n_0
    SLICE_X26Y4          FDRE                                         r  ntt/BU/sum_in1_reg_reg[5]/D
  -------------------------------------------------------------------    -------------------

                         (clock clk rise edge)        6.000     6.000 r  
    K18                                               0.000     6.000 r  clk (IN)
                         net (fo=0)                   0.000     6.000    clk
    K18                  IBUF (Prop_ibuf_I_O)         0.798     6.798 r  clk_IBUF_inst/O
                         net (fo=1, routed)           1.862     8.660    clk_IBUF
    BUFGCTRL_X0Y0        BUFG (Prop_bufg_I_O)         0.091     8.751 r  clk_IBUF_BUFG_inst/O
                         net (fo=5357, routed)        1.448    10.199    ntt/BU/clk_IBUF_BUFG
    SLICE_X26Y4          FDRE                                         r  ntt/BU/sum_in1_reg_reg[5]/C
                         clock pessimism              0.322    10.521    
                         clock uncertainty           -0.035    10.485    
    SLICE_X26Y4          FDRE (Setup_fdre_C_D)        0.079    10.564    ntt/BU/sum_in1_reg_reg[5]
  -------------------------------------------------------------------
                         required time                         10.564    
                         arrival time                         -10.438    
  -------------------------------------------------------------------
                         slack                                  0.126    

Slack (MET) :             0.154ns  (required time - arrival time)
  Source:                 ntt/ctrl_butt_reg[0]/C
                            (rising edge-triggered cell FDRE clocked by clk  {rise@0.000ns fall@3.000ns period=6.000ns})
  Destination:            ntt/BU/sum_in0_reg_reg[8]/D
                            (rising edge-triggered cell FDRE clocked by clk  {rise@0.000ns fall@3.000ns period=6.000ns})
  Path Group:             clk
  Path Type:              Setup (Max at Slow Process Corner)
  Requirement:            6.000ns  (clk rise@6.000ns - clk rise@0.000ns)
  Data Path Delay:        5.802ns  (logic 3.447ns (59.406%)  route 2.355ns (40.594%))
  Logic Levels:           11  (CARRY4=7 LUT4=1 LUT5=2 LUT6=1)
  Clock Path Skew:        -0.039ns (DCD - SCD + CPR)
    Destination Clock Delay (DCD):    4.195ns = ( 10.195 - 6.000 ) 
    Source Clock Delay      (SCD):    4.556ns
    Clock Pessimism Removal (CPR):    0.322ns
  Clock Uncertainty:      0.035ns  ((TSJ^2 + TIJ^2)^1/2 + DJ) / 2 + PE
    Total System Jitter     (TSJ):    0.071ns
    Total Input Jitter      (TIJ):    0.000ns
    Discrete Jitter          (DJ):    0.000ns
    Phase Error              (PE):    0.000ns

    Location             Delay type                Incr(ns)  Path(ns)    Netlist Resource(s)
  -------------------------------------------------------------------    -------------------
                         (clock clk rise edge)        0.000     0.000 r  
    K18                                               0.000     0.000 r  clk (IN)
                         net (fo=0)                   0.000     0.000    clk
    K18                  IBUF (Prop_ibuf_I_O)         0.931     0.931 r  clk_IBUF_inst/O
                         net (fo=1, routed)           1.966     2.896    clk_IBUF
    BUFGCTRL_X0Y0        BUFG (Prop_bufg_I_O)         0.096     2.992 r  clk_IBUF_BUFG_inst/O
                         net (fo=5357, routed)        1.563     4.556    ntt/clk_IBUF_BUFG
    SLICE_X18Y2          FDRE                                         r  ntt/ctrl_butt_reg[0]/C
  -------------------------------------------------------------------    -------------------
    SLICE_X18Y2          FDRE (Prop_fdre_C_Q)         0.518     5.074 r  ntt/ctrl_butt_reg[0]/Q
                         net (fo=27, routed)          1.071     6.145    ntt/BU/flag_sr_r1_reg[3]_0[0]
    SLICE_X17Y1          LUT5 (Prop_lut5_I2_O)        0.154     6.299 r  ntt/BU/sum_in0__0_carry_i_9/O
                         net (fo=1, routed)           0.287     6.586    ntt/BU/sum_in0__0_carry_i_9_n_0
    SLICE_X19Y1          LUT6 (Prop_lut6_I0_O)        0.327     6.913 r  ntt/BU/sum_in0__0_carry_i_6/O
                         net (fo=1, routed)           0.000     6.913    ntt/BU/sum_in0__0_carry_i_6_n_0
    SLICE_X19Y1          CARRY4 (Prop_carry4_S[2]_CO[3])
                                                      0.398     7.311 r  ntt/BU/sum_in0__0_carry/CO[3]
                         net (fo=1, routed)           0.000     7.311    ntt/BU/sum_in0__0_carry_n_0
    SLICE_X19Y2          CARRY4 (Prop_carry4_CI_CO[3])
                                                      0.114     7.425 r  ntt/BU/sum_in0__0_carry__0/CO[3]
                         net (fo=1, routed)           0.000     7.425    ntt/BU/sum_in0__0_carry__0_n_0
    SLICE_X19Y3          CARRY4 (Prop_carry4_CI_CO[3])
                                                      0.114     7.539 r  ntt/BU/sum_in0__0_carry__1/CO[3]
                         net (fo=1, routed)           0.000     7.539    ntt/BU/sum_in0__0_carry__1_n_0
    SLICE_X19Y4          CARRY4 (Prop_carry4_CI_O[0])
                                                      0.222     7.761 r  ntt/BU/sum_in0__0_carry__2/O[0]
                         net (fo=7, routed)           0.523     8.283    ntt/BU/sum_in0[12]
    SLICE_X20Y1          LUT4 (Prop_lut4_I3_O)        0.299     8.582 r  ntt/BU/sum_in0_q_carry_i_1/O
                         net (fo=1, routed)           0.000     8.582    ntt/BU/sum_in0_q_carry_i_1_n_0
    SLICE_X20Y1          CARRY4 (Prop_carry4_S[1]_CO[3])
                                                      0.550     9.132 r  ntt/BU/sum_in0_q_carry/CO[3]
                         net (fo=1, routed)           0.000     9.132    ntt/BU/sum_in0_q_carry_n_0
    SLICE_X20Y2          CARRY4 (Prop_carry4_CI_CO[3])
                                                      0.114     9.246 r  ntt/BU/sum_in0_q_carry__0/CO[3]
                         net (fo=1, routed)           0.000     9.246    ntt/BU/sum_in0_q_carry__0_n_0
    SLICE_X20Y3          CARRY4 (Prop_carry4_CI_O[1])
                                                      0.334     9.580 r  ntt/BU/sum_in0_q_carry__1/O[1]
                         net (fo=2, routed)           0.475    10.055    ntt/BU/sum_in0_q[9]
    SLICE_X21Y5          LUT5 (Prop_lut5_I2_O)        0.303    10.358 r  ntt/BU/sum_in0_reg[8]_i_1/O
                         net (fo=1, routed)           0.000    10.358    ntt/BU/sum_in0_reg[8]_i_1_n_0
    SLICE_X21Y5          FDRE                                         r  ntt/BU/sum_in0_reg_reg[8]/D
  -------------------------------------------------------------------    -------------------

                         (clock clk rise edge)        6.000     6.000 r  
    K18                                               0.000     6.000 r  clk (IN)
                         net (fo=0)                   0.000     6.000    clk
    K18                  IBUF (Prop_ibuf_I_O)         0.798     6.798 r  clk_IBUF_inst/O
                         net (fo=1, routed)           1.862     8.660    clk_IBUF
    BUFGCTRL_X0Y0        BUFG (Prop_bufg_I_O)         0.091     8.751 r  clk_IBUF_BUFG_inst/O
                         net (fo=5357, routed)        1.444    10.195    ntt/BU/clk_IBUF_BUFG
    SLICE_X21Y5          FDRE                                         r  ntt/BU/sum_in0_reg_reg[8]/C
                         clock pessimism              0.322    10.517    
                         clock uncertainty           -0.035    10.481    
    SLICE_X21Y5          FDRE (Setup_fdre_C_D)        0.031    10.512    ntt/BU/sum_in0_reg_reg[8]
  -------------------------------------------------------------------
                         required time                         10.512    
                         arrival time                         -10.358    
  -------------------------------------------------------------------
                         slack                                  0.154    

Slack (MET) :             0.168ns  (required time - arrival time)
  Source:                 ntt/ctrl_butt_reg[0]/C
                            (rising edge-triggered cell FDRE clocked by clk  {rise@0.000ns fall@3.000ns period=6.000ns})
  Destination:            ntt/BU/sum_in0_reg_reg[10]/D
                            (rising edge-triggered cell FDRE clocked by clk  {rise@0.000ns fall@3.000ns period=6.000ns})
  Path Group:             clk
  Path Type:              Setup (Max at Slow Process Corner)
  Requirement:            6.000ns  (clk rise@6.000ns - clk rise@0.000ns)
  Data Path Delay:        5.789ns  (logic 3.351ns (57.882%)  route 2.438ns (42.118%))
  Logic Levels:           11  (CARRY4=7 LUT4=1 LUT5=2 LUT6=1)
  Clock Path Skew:        -0.039ns (DCD - SCD + CPR)
    Destination Clock Delay (DCD):    4.195ns = ( 10.195 - 6.000 ) 
    Source Clock Delay      (SCD):    4.556ns
    Clock Pessimism Removal (CPR):    0.322ns
  Clock Uncertainty:      0.035ns  ((TSJ^2 + TIJ^2)^1/2 + DJ) / 2 + PE
    Total System Jitter     (TSJ):    0.071ns
    Total Input Jitter      (TIJ):    0.000ns
    Discrete Jitter          (DJ):    0.000ns
    Phase Error              (PE):    0.000ns

    Location             Delay type                Incr(ns)  Path(ns)    Netlist Resource(s)
  -------------------------------------------------------------------    -------------------
                         (clock clk rise edge)        0.000     0.000 r  
    K18                                               0.000     0.000 r  clk (IN)
                         net (fo=0)                   0.000     0.000    clk
    K18                  IBUF (Prop_ibuf_I_O)         0.931     0.931 r  clk_IBUF_inst/O
                         net (fo=1, routed)           1.966     2.896    clk_IBUF
    BUFGCTRL_X0Y0        BUFG (Prop_bufg_I_O)         0.096     2.992 r  clk_IBUF_BUFG_inst/O
                         net (fo=5357, routed)        1.563     4.556    ntt/clk_IBUF_BUFG
    SLICE_X18Y2          FDRE                                         r  ntt/ctrl_butt_reg[0]/C
  -------------------------------------------------------------------    -------------------
    SLICE_X18Y2          FDRE (Prop_fdre_C_Q)         0.518     5.074 r  ntt/ctrl_butt_reg[0]/Q
                         net (fo=27, routed)          1.071     6.145    ntt/BU/flag_sr_r1_reg[3]_0[0]
    SLICE_X17Y1          LUT5 (Prop_lut5_I2_O)        0.154     6.299 r  ntt/BU/sum_in0__0_carry_i_9/O
                         net (fo=1, routed)           0.287     6.586    ntt/BU/sum_in0__0_carry_i_9_n_0
    SLICE_X19Y1          LUT6 (Prop_lut6_I0_O)        0.327     6.913 r  ntt/BU/sum_in0__0_carry_i_6/O
                         net (fo=1, routed)           0.000     6.913    ntt/BU/sum_in0__0_carry_i_6_n_0
    SLICE_X19Y1          CARRY4 (Prop_carry4_S[2]_CO[3])
                                                      0.398     7.311 r  ntt/BU/sum_in0__0_carry/CO[3]
                         net (fo=1, routed)           0.000     7.311    ntt/BU/sum_in0__0_carry_n_0
    SLICE_X19Y2          CARRY4 (Prop_carry4_CI_CO[3])
                                                      0.114     7.425 r  ntt/BU/sum_in0__0_carry__0/CO[3]
                         net (fo=1, routed)           0.000     7.425    ntt/BU/sum_in0__0_carry__0_n_0
    SLICE_X19Y3          CARRY4 (Prop_carry4_CI_CO[3])
                                                      0.114     7.539 r  ntt/BU/sum_in0__0_carry__1/CO[3]
                         net (fo=1, routed)           0.000     7.539    ntt/BU/sum_in0__0_carry__1_n_0
    SLICE_X19Y4          CARRY4 (Prop_carry4_CI_O[0])
                                                      0.222     7.761 r  ntt/BU/sum_in0__0_carry__2/O[0]
                         net (fo=7, routed)           0.523     8.283    ntt/BU/sum_in0[12]
    SLICE_X20Y1          LUT4 (Prop_lut4_I3_O)        0.299     8.582 r  ntt/BU/sum_in0_q_carry_i_1/O
                         net (fo=1, routed)           0.000     8.582    ntt/BU/sum_in0_q_carry_i_1_n_0
    SLICE_X20Y1          CARRY4 (Prop_carry4_S[1]_CO[3])
                                                      0.550     9.132 r  ntt/BU/sum_in0_q_carry/CO[3]
                         net (fo=1, routed)           0.000     9.132    ntt/BU/sum_in0_q_carry_n_0
    SLICE_X20Y2          CARRY4 (Prop_carry4_CI_CO[3])
                                                      0.114     9.246 r  ntt/BU/sum_in0_q_carry__0/CO[3]
                         net (fo=1, routed)           0.000     9.246    ntt/BU/sum_in0_q_carry__0_n_0
    SLICE_X20Y3          CARRY4 (Prop_carry4_CI_O[2])
                                                      0.239     9.485 r  ntt/BU/sum_in0_q_carry__1/O[2]
                         net (fo=2, routed)           0.558    10.043    ntt/BU/sum_in0_q[10]
    SLICE_X21Y5          LUT5 (Prop_lut5_I0_O)        0.302    10.345 r  ntt/BU/sum_in0_reg[10]_i_1/O
                         net (fo=1, routed)           0.000    10.345    ntt/BU/sum_in0_reg[10]_i_1_n_0
    SLICE_X21Y5          FDRE                                         r  ntt/BU/sum_in0_reg_reg[10]/D
  -------------------------------------------------------------------    -------------------

                         (clock clk rise edge)        6.000     6.000 r  
    K18                                               0.000     6.000 r  clk (IN)
                         net (fo=0)                   0.000     6.000    clk
    K18                  IBUF (Prop_ibuf_I_O)         0.798     6.798 r  clk_IBUF_inst/O
                         net (fo=1, routed)           1.862     8.660    clk_IBUF
    BUFGCTRL_X0Y0        BUFG (Prop_bufg_I_O)         0.091     8.751 r  clk_IBUF_BUFG_inst/O
                         net (fo=5357, routed)        1.444    10.195    ntt/BU/clk_IBUF_BUFG
    SLICE_X21Y5          FDRE                                         r  ntt/BU/sum_in0_reg_reg[10]/C
                         clock pessimism              0.322    10.517    
                         clock uncertainty           -0.035    10.481    
    SLICE_X21Y5          FDRE (Setup_fdre_C_D)        0.032    10.513    ntt/BU/sum_in0_reg_reg[10]
  -------------------------------------------------------------------
                         required time                         10.513    
                         arrival time                         -10.345    
  -------------------------------------------------------------------
                         slack                                  0.168    

Slack (MET) :             0.180ns  (required time - arrival time)
  Source:                 state_reg[1]_rep__1/C
                            (rising edge-triggered cell FDRE clocked by clk  {rise@0.000ns fall@3.000ns period=6.000ns})
  Destination:            Kyber_Client/hash_core_Client/fifo_generator_0/<hidden>/<hidden>/<hidden>/<hidden>/<hidden>/<hidden>/<hidden>
                            (rising edge-triggered cell RAMD64E clocked by clk  {rise@0.000ns fall@3.000ns period=6.000ns})
  Path Group:             clk
  Path Type:              Setup (Max at Slow Process Corner)
  Requirement:            6.000ns  (clk rise@6.000ns - clk rise@0.000ns)
  Data Path Delay:        5.446ns  (logic 0.952ns (17.482%)  route 4.494ns (82.518%))
  Logic Levels:           4  (LUT6=4)
  Clock Path Skew:        -0.012ns (DCD - SCD + CPR)
    Destination Clock Delay (DCD):    4.188ns = ( 10.188 - 6.000 ) 
    Source Clock Delay      (SCD):    4.536ns
    Clock Pessimism Removal (CPR):    0.336ns
  Clock Uncertainty:      0.035ns  ((TSJ^2 + TIJ^2)^1/2 + DJ) / 2 + PE
    Total System Jitter     (TSJ):    0.071ns
    Total Input Jitter      (TIJ):    0.000ns
    Discrete Jitter          (DJ):    0.000ns
    Phase Error              (PE):    0.000ns

    Location             Delay type                Incr(ns)  Path(ns)    Netlist Resource(s)
  -------------------------------------------------------------------    -------------------
                         (clock clk rise edge)        0.000     0.000 r  
    K18                                               0.000     0.000 r  clk (IN)
                         net (fo=0)                   0.000     0.000    clk
    K18                  IBUF (Prop_ibuf_I_O)         0.931     0.931 r  clk_IBUF_inst/O
                         net (fo=1, routed)           1.966     2.896    clk_IBUF
    BUFGCTRL_X0Y0        BUFG (Prop_bufg_I_O)         0.096     2.992 r  clk_IBUF_BUFG_inst/O
                         net (fo=5357, routed)        1.543     4.536    clk_IBUF_BUFG
    SLICE_X13Y26         FDRE                                         r  state_reg[1]_rep__1/C
  -------------------------------------------------------------------    -------------------
    SLICE_X13Y26         FDRE (Prop_fdre_C_Q)         0.456     4.992 r  state_reg[1]_rep__1/Q
                         net (fo=99, routed)          1.183     6.175    hash/K_reg[0]_0
    SLICE_X13Y26         LUT6 (Prop_lut6_I1_O)        0.124     6.299 r  hash/fifo0_i_81/O
                         net (fo=40, routed)          1.266     7.565    hash/fifo0_i_81_n_0
    SLICE_X18Y29         LUT6 (Prop_lut6_I0_O)        0.124     7.689 r  hash/fifo0_i_119/O
                         net (fo=1, routed)           0.632     8.320    hash/fifo0_i_119_n_0
    SLICE_X17Y26         LUT6 (Prop_lut6_I1_O)        0.124     8.444 r  hash/fifo0_i_59/O
                         net (fo=1, routed)           0.407     8.851    hash/fifo0_i_59_n_0
    SLICE_X17Y26         LUT6 (Prop_lut6_I0_O)        0.124     8.975 r  hash/fifo0_i_13/O
                         net (fo=4, routed)           1.006     9.981    Kyber_Client/hash_core_Client/fifo_generator_0/<hidden>/<hidden>/<hidden>/<hidden>/<hidden>/<hidden>/<hidden>
    SLICE_X14Y35         RAMD64E                                      r  Kyber_Client/hash_core_Client/fifo_generator_0/<hidden>/<hidden>/<hidden>/<hidden>/<hidden>/<hidden>/<hidden>
  -------------------------------------------------------------------    -------------------

                         (clock clk rise edge)        6.000     6.000 r  
    K18                                               0.000     6.000 r  clk (IN)
                         net (fo=0)                   0.000     6.000    clk
    K18                  IBUF (Prop_ibuf_I_O)         0.798     6.798 r  clk_IBUF_inst/O
                         net (fo=1, routed)           1.862     8.660    clk_IBUF
    BUFGCTRL_X0Y0        BUFG (Prop_bufg_I_O)         0.091     8.751 r  clk_IBUF_BUFG_inst/O
                         net (fo=5357, routed)        1.437    10.188    Kyber_Client/hash_core_Client/fifo_generator_0/<hidden>/<hidden>/<hidden>/<hidden>/<hidden>/<hidden>/<hidden>
    SLICE_X14Y35         RAMD64E                                      r  Kyber_Client/hash_core_Client/fifo_generator_0/<hidden>/<hidden>/<hidden>/<hidden>/<hidden>/<hidden>/<hidden>
                         clock pessimism              0.336    10.524    
                         clock uncertainty           -0.035    10.488    
    SLICE_X14Y35         RAMD64E (Setup_ramd64e_CLK_I)
                                                     -0.327    10.161    Kyber_Client/hash_core_Client/fifo_generator_0/<hidden>/<hidden>/<hidden>/<hidden>/<hidden>/<hidden>/<hidden>
  -------------------------------------------------------------------
                         required time                         10.161    
                         arrival time                          -9.981    
  -------------------------------------------------------------------
                         slack                                  0.180    

Slack (MET) :             0.181ns  (required time - arrival time)
  Source:                 state_reg[3]/C
                            (rising edge-triggered cell FDRE clocked by clk  {rise@0.000ns fall@3.000ns period=6.000ns})
  Destination:            hash/hash/RoundFunction/Reg/Q_buf_reg[925]/CE
                            (rising edge-triggered cell FDRE clocked by clk  {rise@0.000ns fall@3.000ns period=6.000ns})
  Path Group:             clk
  Path Type:              Setup (Max at Slow Process Corner)
  Requirement:            6.000ns  (clk rise@6.000ns - clk rise@0.000ns)
  Data Path Delay:        5.492ns  (logic 0.828ns (15.077%)  route 4.664ns (84.923%))
  Logic Levels:           3  (LUT3=2 LUT6=1)
  Clock Path Skew:        -0.087ns (DCD - SCD + CPR)
    Destination Clock Delay (DCD):    4.199ns = ( 10.199 - 6.000 ) 
    Source Clock Delay      (SCD):    4.536ns
    Clock Pessimism Removal (CPR):    0.250ns
  Clock Uncertainty:      0.035ns  ((TSJ^2 + TIJ^2)^1/2 + DJ) / 2 + PE
    Total System Jitter     (TSJ):    0.071ns
    Total Input Jitter      (TIJ):    0.000ns
    Discrete Jitter          (DJ):    0.000ns
    Phase Error              (PE):    0.000ns

    Location             Delay type                Incr(ns)  Path(ns)    Netlist Resource(s)
  -------------------------------------------------------------------    -------------------
                         (clock clk rise edge)        0.000     0.000 r  
    K18                                               0.000     0.000 r  clk (IN)
                         net (fo=0)                   0.000     0.000    clk
    K18                  IBUF (Prop_ibuf_I_O)         0.931     0.931 r  clk_IBUF_inst/O
                         net (fo=1, routed)           1.966     2.896    clk_IBUF
    BUFGCTRL_X0Y0        BUFG (Prop_bufg_I_O)         0.096     2.992 r  clk_IBUF_BUFG_inst/O
                         net (fo=5357, routed)        1.543     4.536    clk_IBUF_BUFG
    SLICE_X9Y26          FDRE                                         r  state_reg[3]/C
  -------------------------------------------------------------------    -------------------
    SLICE_X9Y26          FDRE (Prop_fdre_C_Q)         0.456     4.992 r  state_reg[3]/Q
                         net (fo=79, routed)          1.102     6.093    hash/hash/RoundFunction/Reg/extend_r1_reg_0[2]
    SLICE_X13Y26         LUT6 (Prop_lut6_I4_O)        0.124     6.217 r  hash/hash/RoundFunction/Reg/extend_r1_i_1/O
                         net (fo=35, routed)          0.693     6.910    hash/hash/RoundFunction/Reg/state_reg[1]_rep
    SLICE_X15Y34         LUT3 (Prop_lut3_I2_O)        0.124     7.034 r  hash/hash/RoundFunction/Reg/squeeze_ctr[5]_i_2/O
                         net (fo=1607, routed)        1.126     8.160    hash/hash/FSM/Q_buf_reg[0]
    SLICE_X15Y47         LUT3 (Prop_lut3_I0_O)        0.124     8.284 r  hash/hash/FSM/Q_buf[1599]_i_2/O
                         net (fo=1600, routed)        1.743    10.027    hash/hash/RoundFunction/Reg/E[0]
    SLICE_X31Y43         FDRE                                         r  hash/hash/RoundFunction/Reg/Q_buf_reg[925]/CE
  -------------------------------------------------------------------    -------------------

                         (clock clk rise edge)        6.000     6.000 r  
    K18                                               0.000     6.000 r  clk (IN)
                         net (fo=0)                   0.000     6.000    clk
    K18                  IBUF (Prop_ibuf_I_O)         0.798     6.798 r  clk_IBUF_inst/O
                         net (fo=1, routed)           1.862     8.660    clk_IBUF
    BUFGCTRL_X0Y0        BUFG (Prop_bufg_I_O)         0.091     8.751 r  clk_IBUF_BUFG_inst/O
                         net (fo=5357, routed)        1.448    10.199    hash/hash/RoundFunction/Reg/clk_IBUF_BUFG
    SLICE_X31Y43         FDRE                                         r  hash/hash/RoundFunction/Reg/Q_buf_reg[925]/C
                         clock pessimism              0.250    10.449    
                         clock uncertainty           -0.035    10.413    
    SLICE_X31Y43         FDRE (Setup_fdre_C_CE)      -0.205    10.208    hash/hash/RoundFunction/Reg/Q_buf_reg[925]
  -------------------------------------------------------------------
                         required time                         10.208    
                         arrival time                         -10.027    
  -------------------------------------------------------------------
                         slack                                  0.181    





Min Delay Paths
--------------------------------------------------------------------------------------
Slack (MET) :             0.037ns  (arrival time - required time)
  Source:                 Kyber_Client/fifo_generator_3/<hidden>/<hidden>/<hidden>/<hidden>/<hidden>/<hidden>
                            (rising edge-triggered cell FDRE clocked by clk  {rise@0.000ns fall@3.000ns period=6.000ns})
  Destination:            Kyber_Client/fifo_generator_3/<hidden>/<hidden>/<hidden>/<hidden>/<hidden>/<hidden>/<hidden>
                            (rising edge-triggered cell RAMD64E clocked by clk  {rise@0.000ns fall@3.000ns period=6.000ns})
  Path Group:             clk
  Path Type:              Hold (Min at Fast Process Corner)
  Requirement:            0.000ns  (clk rise@0.000ns - clk rise@0.000ns)
  Data Path Delay:        0.360ns  (logic 0.141ns (39.221%)  route 0.219ns (60.779%))
  Logic Levels:           0  
  Clock Path Skew:        0.013ns (DCD - SCD - CPR)
    Destination Clock Delay (DCD):    1.884ns
    Source Clock Delay      (SCD):    1.371ns
    Clock Pessimism Removal (CPR):    0.500ns

    Location             Delay type                Incr(ns)  Path(ns)    Netlist Resource(s)
  -------------------------------------------------------------------    -------------------
                         (clock clk rise edge)        0.000     0.000 r  
    K18                                               0.000     0.000 r  clk (IN)
                         net (fo=0)                   0.000     0.000    clk
    K18                  IBUF (Prop_ibuf_I_O)         0.160     0.160 r  clk_IBUF_inst/O
                         net (fo=1, routed)           0.631     0.791    clk_IBUF
    BUFGCTRL_X0Y0        BUFG (Prop_bufg_I_O)         0.026     0.817 r  clk_IBUF_BUFG_inst/O
                         net (fo=5357, routed)        0.554     1.371    Kyber_Client/fifo_generator_3/<hidden>/<hidden>/<hidden>/<hidden>/<hidden>/<hidden>
    SLICE_X29Y28         FDRE                                         r  Kyber_Client/fifo_generator_3/<hidden>/<hidden>/<hidden>/<hidden>/<hidden>/<hidden>
  -------------------------------------------------------------------    -------------------
    SLICE_X29Y28         FDRE (Prop_fdre_C_Q)         0.141     1.512 r  Kyber_Client/fifo_generator_3/<hidden>/<hidden>/<hidden>/<hidden>/<hidden>/<hidden>
                         net (fo=443, routed)         0.219     1.730    Kyber_Client/fifo_generator_3/<hidden>/<hidden>/<hidden>/<hidden>/<hidden>/<hidden>/<hidden>
    SLICE_X28Y28         RAMD64E                                      r  Kyber_Client/fifo_generator_3/<hidden>/<hidden>/<hidden>/<hidden>/<hidden>/<hidden>/<hidden>
  -------------------------------------------------------------------    -------------------

                         (clock clk rise edge)        0.000     0.000 r  
    K18                                               0.000     0.000 r  clk (IN)
                         net (fo=0)                   0.000     0.000    clk
    K18                  IBUF (Prop_ibuf_I_O)         0.348     0.348 r  clk_IBUF_inst/O
                         net (fo=1, routed)           0.685     1.033    clk_IBUF
    BUFGCTRL_X0Y0        BUFG (Prop_bufg_I_O)         0.029     1.062 r  clk_IBUF_BUFG_inst/O
                         net (fo=5357, routed)        0.822     1.884    Kyber_Client/fifo_generator_3/<hidden>/<hidden>/<hidden>/<hidden>/<hidden>/<hidden>/<hidden>
    SLICE_X28Y28         RAMD64E                                      r  Kyber_Client/fifo_generator_3/<hidden>/<hidden>/<hidden>/<hidden>/<hidden>/<hidden>/<hidden>
                         clock pessimism             -0.500     1.384    
    SLICE_X28Y28         RAMD64E (Hold_ramd64e_CLK_WADR0)
                                                      0.310     1.694    Kyber_Client/fifo_generator_3/<hidden>/<hidden>/<hidden>/<hidden>/<hidden>/<hidden>/<hidden>
  -------------------------------------------------------------------
                         required time                         -1.694    
                         arrival time                           1.730    
  -------------------------------------------------------------------
                         slack                                  0.037    

Slack (MET) :             0.037ns  (arrival time - required time)
  Source:                 Kyber_Client/fifo_generator_3/<hidden>/<hidden>/<hidden>/<hidden>/<hidden>/<hidden>
                            (rising edge-triggered cell FDRE clocked by clk  {rise@0.000ns fall@3.000ns period=6.000ns})
  Destination:            Kyber_Client/fifo_generator_3/<hidden>/<hidden>/<hidden>/<hidden>/<hidden>/<hidden>/<hidden>
                            (rising edge-triggered cell RAMD64E clocked by clk  {rise@0.000ns fall@3.000ns period=6.000ns})
  Path Group:             clk
  Path Type:              Hold (Min at Fast Process Corner)
  Requirement:            0.000ns  (clk rise@0.000ns - clk rise@0.000ns)
  Data Path Delay:        0.360ns  (logic 0.141ns (39.221%)  route 0.219ns (60.779%))
  Logic Levels:           0  
  Clock Path Skew:        0.013ns (DCD - SCD - CPR)
    Destination Clock Delay (DCD):    1.884ns
    Source Clock Delay      (SCD):    1.371ns
    Clock Pessimism Removal (CPR):    0.500ns

    Location             Delay type                Incr(ns)  Path(ns)    Netlist Resource(s)
  -------------------------------------------------------------------    -------------------
                         (clock clk rise edge)        0.000     0.000 r  
    K18                                               0.000     0.000 r  clk (IN)
                         net (fo=0)                   0.000     0.000    clk
    K18                  IBUF (Prop_ibuf_I_O)         0.160     0.160 r  clk_IBUF_inst/O
                         net (fo=1, routed)           0.631     0.791    clk_IBUF
    BUFGCTRL_X0Y0        BUFG (Prop_bufg_I_O)         0.026     0.817 r  clk_IBUF_BUFG_inst/O
                         net (fo=5357, routed)        0.554     1.371    Kyber_Client/fifo_generator_3/<hidden>/<hidden>/<hidden>/<hidden>/<hidden>/<hidden>
    SLICE_X29Y28         FDRE                                         r  Kyber_Client/fifo_generator_3/<hidden>/<hidden>/<hidden>/<hidden>/<hidden>/<hidden>
  -------------------------------------------------------------------    -------------------
    SLICE_X29Y28         FDRE (Prop_fdre_C_Q)         0.141     1.512 r  Kyber_Client/fifo_generator_3/<hidden>/<hidden>/<hidden>/<hidden>/<hidden>/<hidden>
                         net (fo=443, routed)         0.219     1.730    Kyber_Client/fifo_generator_3/<hidden>/<hidden>/<hidden>/<hidden>/<hidden>/<hidden>/<hidden>
    SLICE_X28Y28         RAMD64E                                      r  Kyber_Client/fifo_generator_3/<hidden>/<hidden>/<hidden>/<hidden>/<hidden>/<hidden>/<hidden>
  -------------------------------------------------------------------    -------------------

                         (clock clk rise edge)        0.000     0.000 r  
    K18                                               0.000     0.000 r  clk (IN)
                         net (fo=0)                   0.000     0.000    clk
    K18                  IBUF (Prop_ibuf_I_O)         0.348     0.348 r  clk_IBUF_inst/O
                         net (fo=1, routed)           0.685     1.033    clk_IBUF
    BUFGCTRL_X0Y0        BUFG (Prop_bufg_I_O)         0.029     1.062 r  clk_IBUF_BUFG_inst/O
                         net (fo=5357, routed)        0.822     1.884    Kyber_Client/fifo_generator_3/<hidden>/<hidden>/<hidden>/<hidden>/<hidden>/<hidden>/<hidden>
    SLICE_X28Y28         RAMD64E                                      r  Kyber_Client/fifo_generator_3/<hidden>/<hidden>/<hidden>/<hidden>/<hidden>/<hidden>/<hidden>
                         clock pessimism             -0.500     1.384    
    SLICE_X28Y28         RAMD64E (Hold_ramd64e_CLK_WADR0)
                                                      0.310     1.694    Kyber_Client/fifo_generator_3/<hidden>/<hidden>/<hidden>/<hidden>/<hidden>/<hidden>/<hidden>
  -------------------------------------------------------------------
                         required time                         -1.694    
                         arrival time                           1.730    
  -------------------------------------------------------------------
                         slack                                  0.037    

Slack (MET) :             0.037ns  (arrival time - required time)
  Source:                 Kyber_Client/fifo_generator_3/<hidden>/<hidden>/<hidden>/<hidden>/<hidden>/<hidden>
                            (rising edge-triggered cell FDRE clocked by clk  {rise@0.000ns fall@3.000ns period=6.000ns})
  Destination:            Kyber_Client/fifo_generator_3/<hidden>/<hidden>/<hidden>/<hidden>/<hidden>/<hidden>/<hidden>
                            (rising edge-triggered cell RAMD64E clocked by clk  {rise@0.000ns fall@3.000ns period=6.000ns})
  Path Group:             clk
  Path Type:              Hold (Min at Fast Process Corner)
  Requirement:            0.000ns  (clk rise@0.000ns - clk rise@0.000ns)
  Data Path Delay:        0.360ns  (logic 0.141ns (39.221%)  route 0.219ns (60.779%))
  Logic Levels:           0  
  Clock Path Skew:        0.013ns (DCD - SCD - CPR)
    Destination Clock Delay (DCD):    1.884ns
    Source Clock Delay      (SCD):    1.371ns
    Clock Pessimism Removal (CPR):    0.500ns

    Location             Delay type                Incr(ns)  Path(ns)    Netlist Resource(s)
  -------------------------------------------------------------------    -------------------
                         (clock clk rise edge)        0.000     0.000 r  
    K18                                               0.000     0.000 r  clk (IN)
                         net (fo=0)                   0.000     0.000    clk
    K18                  IBUF (Prop_ibuf_I_O)         0.160     0.160 r  clk_IBUF_inst/O
                         net (fo=1, routed)           0.631     0.791    clk_IBUF
    BUFGCTRL_X0Y0        BUFG (Prop_bufg_I_O)         0.026     0.817 r  clk_IBUF_BUFG_inst/O
                         net (fo=5357, routed)        0.554     1.371    Kyber_Client/fifo_generator_3/<hidden>/<hidden>/<hidden>/<hidden>/<hidden>/<hidden>
    SLICE_X29Y28         FDRE                                         r  Kyber_Client/fifo_generator_3/<hidden>/<hidden>/<hidden>/<hidden>/<hidden>/<hidden>
  -------------------------------------------------------------------    -------------------
    SLICE_X29Y28         FDRE (Prop_fdre_C_Q)         0.141     1.512 r  Kyber_Client/fifo_generator_3/<hidden>/<hidden>/<hidden>/<hidden>/<hidden>/<hidden>
                         net (fo=443, routed)         0.219     1.730    Kyber_Client/fifo_generator_3/<hidden>/<hidden>/<hidden>/<hidden>/<hidden>/<hidden>/<hidden>
    SLICE_X28Y28         RAMD64E                                      r  Kyber_Client/fifo_generator_3/<hidden>/<hidden>/<hidden>/<hidden>/<hidden>/<hidden>/<hidden>
  -------------------------------------------------------------------    -------------------

                         (clock clk rise edge)        0.000     0.000 r  
    K18                                               0.000     0.000 r  clk (IN)
                         net (fo=0)                   0.000     0.000    clk
    K18                  IBUF (Prop_ibuf_I_O)         0.348     0.348 r  clk_IBUF_inst/O
                         net (fo=1, routed)           0.685     1.033    clk_IBUF
    BUFGCTRL_X0Y0        BUFG (Prop_bufg_I_O)         0.029     1.062 r  clk_IBUF_BUFG_inst/O
                         net (fo=5357, routed)        0.822     1.884    Kyber_Client/fifo_generator_3/<hidden>/<hidden>/<hidden>/<hidden>/<hidden>/<hidden>/<hidden>
    SLICE_X28Y28         RAMD64E                                      r  Kyber_Client/fifo_generator_3/<hidden>/<hidden>/<hidden>/<hidden>/<hidden>/<hidden>/<hidden>
                         clock pessimism             -0.500     1.384    
    SLICE_X28Y28         RAMD64E (Hold_ramd64e_CLK_WADR0)
                                                      0.310     1.694    Kyber_Client/fifo_generator_3/<hidden>/<hidden>/<hidden>/<hidden>/<hidden>/<hidden>/<hidden>
  -------------------------------------------------------------------
                         required time                         -1.694    
                         arrival time                           1.730    
  -------------------------------------------------------------------
                         slack                                  0.037    

Slack (MET) :             0.037ns  (arrival time - required time)
  Source:                 Kyber_Client/fifo_generator_3/<hidden>/<hidden>/<hidden>/<hidden>/<hidden>/<hidden>
                            (rising edge-triggered cell FDRE clocked by clk  {rise@0.000ns fall@3.000ns period=6.000ns})
  Destination:            Kyber_Client/fifo_generator_3/<hidden>/<hidden>/<hidden>/<hidden>/<hidden>/<hidden>/<hidden>
                            (rising edge-triggered cell RAMD64E clocked by clk  {rise@0.000ns fall@3.000ns period=6.000ns})
  Path Group:             clk
  Path Type:              Hold (Min at Fast Process Corner)
  Requirement:            0.000ns  (clk rise@0.000ns - clk rise@0.000ns)
  Data Path Delay:        0.360ns  (logic 0.141ns (39.221%)  route 0.219ns (60.779%))
  Logic Levels:           0  
  Clock Path Skew:        0.013ns (DCD - SCD - CPR)
    Destination Clock Delay (DCD):    1.884ns
    Source Clock Delay      (SCD):    1.371ns
    Clock Pessimism Removal (CPR):    0.500ns

    Location             Delay type                Incr(ns)  Path(ns)    Netlist Resource(s)
  -------------------------------------------------------------------    -------------------
                         (clock clk rise edge)        0.000     0.000 r  
    K18                                               0.000     0.000 r  clk (IN)
                         net (fo=0)                   0.000     0.000    clk
    K18                  IBUF (Prop_ibuf_I_O)         0.160     0.160 r  clk_IBUF_inst/O
                         net (fo=1, routed)           0.631     0.791    clk_IBUF
    BUFGCTRL_X0Y0        BUFG (Prop_bufg_I_O)         0.026     0.817 r  clk_IBUF_BUFG_inst/O
                         net (fo=5357, routed)        0.554     1.371    Kyber_Client/fifo_generator_3/<hidden>/<hidden>/<hidden>/<hidden>/<hidden>/<hidden>
    SLICE_X29Y28         FDRE                                         r  Kyber_Client/fifo_generator_3/<hidden>/<hidden>/<hidden>/<hidden>/<hidden>/<hidden>
  -------------------------------------------------------------------    -------------------
    SLICE_X29Y28         FDRE (Prop_fdre_C_Q)         0.141     1.512 r  Kyber_Client/fifo_generator_3/<hidden>/<hidden>/<hidden>/<hidden>/<hidden>/<hidden>
                         net (fo=443, routed)         0.219     1.730    Kyber_Client/fifo_generator_3/<hidden>/<hidden>/<hidden>/<hidden>/<hidden>/<hidden>/<hidden>
    SLICE_X28Y28         RAMD64E                                      r  Kyber_Client/fifo_generator_3/<hidden>/<hidden>/<hidden>/<hidden>/<hidden>/<hidden>/<hidden>
  -------------------------------------------------------------------    -------------------

                         (clock clk rise edge)        0.000     0.000 r  
    K18                                               0.000     0.000 r  clk (IN)
                         net (fo=0)                   0.000     0.000    clk
    K18                  IBUF (Prop_ibuf_I_O)         0.348     0.348 r  clk_IBUF_inst/O
                         net (fo=1, routed)           0.685     1.033    clk_IBUF
    BUFGCTRL_X0Y0        BUFG (Prop_bufg_I_O)         0.029     1.062 r  clk_IBUF_BUFG_inst/O
                         net (fo=5357, routed)        0.822     1.884    Kyber_Client/fifo_generator_3/<hidden>/<hidden>/<hidden>/<hidden>/<hidden>/<hidden>/<hidden>
    SLICE_X28Y28         RAMD64E                                      r  Kyber_Client/fifo_generator_3/<hidden>/<hidden>/<hidden>/<hidden>/<hidden>/<hidden>/<hidden>
                         clock pessimism             -0.500     1.384    
    SLICE_X28Y28         RAMD64E (Hold_ramd64e_CLK_WADR0)
                                                      0.310     1.694    Kyber_Client/fifo_generator_3/<hidden>/<hidden>/<hidden>/<hidden>/<hidden>/<hidden>/<hidden>
  -------------------------------------------------------------------
                         required time                         -1.694    
                         arrival time                           1.730    
  -------------------------------------------------------------------
                         slack                                  0.037    

Slack (MET) :             0.067ns  (arrival time - required time)
  Source:                 Kyber_Client/NTT_core_Client/c_shift_ram_8/<hidden>/<hidden>/<hidden>
                            (rising edge-triggered cell FDRE clocked by clk  {rise@0.000ns fall@3.000ns period=6.000ns})
  Destination:            Kyber_Client/NTT_core_Client/c_shift_ram_8/<hidden>/<hidden>/<hidden>
                            (rising edge-triggered cell SRL16E clocked by clk  {rise@0.000ns fall@3.000ns period=6.000ns})
  Path Group:             clk
  Path Type:              Hold (Min at Fast Process Corner)
  Requirement:            0.000ns  (clk rise@0.000ns - clk rise@0.000ns)
  Data Path Delay:        0.197ns  (logic 0.141ns (71.611%)  route 0.056ns (28.389%))
  Logic Levels:           0  
  Clock Path Skew:        0.013ns (DCD - SCD - CPR)
    Destination Clock Delay (DCD):    1.895ns
    Source Clock Delay      (SCD):    1.381ns
    Clock Pessimism Removal (CPR):    0.501ns

    Location             Delay type                Incr(ns)  Path(ns)    Netlist Resource(s)
  -------------------------------------------------------------------    -------------------
                         (clock clk rise edge)        0.000     0.000 r  
    K18                                               0.000     0.000 r  clk (IN)
                         net (fo=0)                   0.000     0.000    clk
    K18                  IBUF (Prop_ibuf_I_O)         0.160     0.160 r  clk_IBUF_inst/O
                         net (fo=1, routed)           0.631     0.791    clk_IBUF
    BUFGCTRL_X0Y0        BUFG (Prop_bufg_I_O)         0.026     0.817 r  clk_IBUF_BUFG_inst/O
                         net (fo=5357, routed)        0.564     1.381    Kyber_Client/NTT_core_Client/c_shift_ram_8/<hidden>/<hidden>/<hidden>
    SLICE_X11Y2          FDRE                                         r  Kyber_Client/NTT_core_Client/c_shift_ram_8/<hidden>/<hidden>/<hidden>
  -------------------------------------------------------------------    -------------------
    SLICE_X11Y2          FDRE (Prop_fdre_C_Q)         0.141     1.522 r  Kyber_Client/NTT_core_Client/c_shift_ram_8/<hidden>/<hidden>/<hidden>
                         net (fo=1, routed)           0.056     1.578    Kyber_Client/NTT_core_Client/c_shift_ram_8/<hidden>/<hidden>/<hidden>
    SLICE_X10Y2          SRL16E                                       r  Kyber_Client/NTT_core_Client/c_shift_ram_8/<hidden>/<hidden>/<hidden>
  -------------------------------------------------------------------    -------------------

                         (clock clk rise edge)        0.000     0.000 r  
    K18                                               0.000     0.000 r  clk (IN)
                         net (fo=0)                   0.000     0.000    clk
    K18                  IBUF (Prop_ibuf_I_O)         0.348     0.348 r  clk_IBUF_inst/O
                         net (fo=1, routed)           0.685     1.033    clk_IBUF
    BUFGCTRL_X0Y0        BUFG (Prop_bufg_I_O)         0.029     1.062 r  clk_IBUF_BUFG_inst/O
                         net (fo=5357, routed)        0.833     1.895    Kyber_Client/NTT_core_Client/c_shift_ram_8/<hidden>/<hidden>/<hidden>
    SLICE_X10Y2          SRL16E                                       r  Kyber_Client/NTT_core_Client/c_shift_ram_8/<hidden>/<hidden>/<hidden>
                         clock pessimism             -0.501     1.394    
    SLICE_X10Y2          SRL16E (Hold_srl16e_CLK_D)
                                                      0.117     1.511    Kyber_Client/NTT_core_Client/c_shift_ram_8/<hidden>/<hidden>/<hidden>
  -------------------------------------------------------------------
                         required time                         -1.511    
                         arrival time                           1.578    
  -------------------------------------------------------------------
                         slack                                  0.067    

Slack (MET) :             0.093ns  (arrival time - required time)
  Source:                 Kyber_Client/hash_core_Client/fifo_generator_1/<hidden>/<hidden>/<hidden>/<hidden>/<hidden>/<hidden>
                            (rising edge-triggered cell FDRE clocked by clk  {rise@0.000ns fall@3.000ns period=6.000ns})
  Destination:            Kyber_Client/hash_core_Client/fifo_generator_1/<hidden>/<hidden>/<hidden>/<hidden>/<hidden>/<hidden>/<hidden>
                            (rising edge-triggered cell RAMD64E clocked by clk  {rise@0.000ns fall@3.000ns period=6.000ns})
  Path Group:             clk
  Path Type:              Hold (Min at Fast Process Corner)
  Requirement:            0.000ns  (clk rise@0.000ns - clk rise@0.000ns)
  Data Path Delay:        0.362ns  (logic 0.141ns (38.944%)  route 0.221ns (61.056%))
  Logic Levels:           0  
  Clock Path Skew:        0.015ns (DCD - SCD - CPR)
    Destination Clock Delay (DCD):    1.919ns
    Source Clock Delay      (SCD):    1.404ns
    Clock Pessimism Removal (CPR):    0.500ns

    Location             Delay type                Incr(ns)  Path(ns)    Netlist Resource(s)
  -------------------------------------------------------------------    -------------------
                         (clock clk rise edge)        0.000     0.000 r  
    K18                                               0.000     0.000 r  clk (IN)
                         net (fo=0)                   0.000     0.000    clk
    K18                  IBUF (Prop_ibuf_I_O)         0.160     0.160 r  clk_IBUF_inst/O
                         net (fo=1, routed)           0.631     0.791    clk_IBUF
    BUFGCTRL_X0Y0        BUFG (Prop_bufg_I_O)         0.026     0.817 r  clk_IBUF_BUFG_inst/O
                         net (fo=5357, routed)        0.587     1.404    Kyber_Client/hash_core_Client/fifo_generator_1/<hidden>/<hidden>/<hidden>/<hidden>/<hidden>/<hidden>
    SLICE_X3Y14          FDRE                                         r  Kyber_Client/hash_core_Client/fifo_generator_1/<hidden>/<hidden>/<hidden>/<hidden>/<hidden>/<hidden>
  -------------------------------------------------------------------    -------------------
    SLICE_X3Y14          FDRE (Prop_fdre_C_Q)         0.141     1.545 r  Kyber_Client/hash_core_Client/fifo_generator_1/<hidden>/<hidden>/<hidden>/<hidden>/<hidden>/<hidden>
                         net (fo=162, routed)         0.221     1.766    Kyber_Client/hash_core_Client/fifo_generator_1/<hidden>/<hidden>/<hidden>/<hidden>/<hidden>/<hidden>/<hidden>
    SLICE_X2Y13          RAMD64E                                      r  Kyber_Client/hash_core_Client/fifo_generator_1/<hidden>/<hidden>/<hidden>/<hidden>/<hidden>/<hidden>/<hidden>
  -------------------------------------------------------------------    -------------------

                         (clock clk rise edge)        0.000     0.000 r  
    K18                                               0.000     0.000 r  clk (IN)
                         net (fo=0)                   0.000     0.000    clk
    K18                  IBUF (Prop_ibuf_I_O)         0.348     0.348 r  clk_IBUF_inst/O
                         net (fo=1, routed)           0.685     1.033    clk_IBUF
    BUFGCTRL_X0Y0        BUFG (Prop_bufg_I_O)         0.029     1.062 r  clk_IBUF_BUFG_inst/O
                         net (fo=5357, routed)        0.857     1.919    Kyber_Client/hash_core_Client/fifo_generator_1/<hidden>/<hidden>/<hidden>/<hidden>/<hidden>/<hidden>/<hidden>
    SLICE_X2Y13          RAMD64E                                      r  Kyber_Client/hash_core_Client/fifo_generator_1/<hidden>/<hidden>/<hidden>/<hidden>/<hidden>/<hidden>/<hidden>
                         clock pessimism             -0.500     1.419    
    SLICE_X2Y13          RAMD64E (Hold_ramd64e_CLK_WADR2)
                                                      0.254     1.673    Kyber_Client/hash_core_Client/fifo_generator_1/<hidden>/<hidden>/<hidden>/<hidden>/<hidden>/<hidden>/<hidden>
  -------------------------------------------------------------------
                         required time                         -1.673    
                         arrival time                           1.766    
  -------------------------------------------------------------------
                         slack                                  0.093    

Slack (MET) :             0.093ns  (arrival time - required time)
  Source:                 Kyber_Client/hash_core_Client/fifo_generator_1/<hidden>/<hidden>/<hidden>/<hidden>/<hidden>/<hidden>
                            (rising edge-triggered cell FDRE clocked by clk  {rise@0.000ns fall@3.000ns period=6.000ns})
  Destination:            Kyber_Client/hash_core_Client/fifo_generator_1/<hidden>/<hidden>/<hidden>/<hidden>/<hidden>/<hidden>/<hidden>
                            (rising edge-triggered cell RAMD64E clocked by clk  {rise@0.000ns fall@3.000ns period=6.000ns})
  Path Group:             clk
  Path Type:              Hold (Min at Fast Process Corner)
  Requirement:            0.000ns  (clk rise@0.000ns - clk rise@0.000ns)
  Data Path Delay:        0.362ns  (logic 0.141ns (38.944%)  route 0.221ns (61.056%))
  Logic Levels:           0  
  Clock Path Skew:        0.015ns (DCD - SCD - CPR)
    Destination Clock Delay (DCD):    1.919ns
    Source Clock Delay      (SCD):    1.404ns
    Clock Pessimism Removal (CPR):    0.500ns

    Location             Delay type                Incr(ns)  Path(ns)    Netlist Resource(s)
  -------------------------------------------------------------------    -------------------
                         (clock clk rise edge)        0.000     0.000 r  
    K18                                               0.000     0.000 r  clk (IN)
                         net (fo=0)                   0.000     0.000    clk
    K18                  IBUF (Prop_ibuf_I_O)         0.160     0.160 r  clk_IBUF_inst/O
                         net (fo=1, routed)           0.631     0.791    clk_IBUF
    BUFGCTRL_X0Y0        BUFG (Prop_bufg_I_O)         0.026     0.817 r  clk_IBUF_BUFG_inst/O
                         net (fo=5357, routed)        0.587     1.404    Kyber_Client/hash_core_Client/fifo_generator_1/<hidden>/<hidden>/<hidden>/<hidden>/<hidden>/<hidden>
    SLICE_X3Y14          FDRE                                         r  Kyber_Client/hash_core_Client/fifo_generator_1/<hidden>/<hidden>/<hidden>/<hidden>/<hidden>/<hidden>
  -------------------------------------------------------------------    -------------------
    SLICE_X3Y14          FDRE (Prop_fdre_C_Q)         0.141     1.545 r  Kyber_Client/hash_core_Client/fifo_generator_1/<hidden>/<hidden>/<hidden>/<hidden>/<hidden>/<hidden>
                         net (fo=162, routed)         0.221     1.766    Kyber_Client/hash_core_Client/fifo_generator_1/<hidden>/<hidden>/<hidden>/<hidden>/<hidden>/<hidden>/<hidden>
    SLICE_X2Y13          RAMD64E                                      r  Kyber_Client/hash_core_Client/fifo_generator_1/<hidden>/<hidden>/<hidden>/<hidden>/<hidden>/<hidden>/<hidden>
  -------------------------------------------------------------------    -------------------

                         (clock clk rise edge)        0.000     0.000 r  
    K18                                               0.000     0.000 r  clk (IN)
                         net (fo=0)                   0.000     0.000    clk
    K18                  IBUF (Prop_ibuf_I_O)         0.348     0.348 r  clk_IBUF_inst/O
                         net (fo=1, routed)           0.685     1.033    clk_IBUF
    BUFGCTRL_X0Y0        BUFG (Prop_bufg_I_O)         0.029     1.062 r  clk_IBUF_BUFG_inst/O
                         net (fo=5357, routed)        0.857     1.919    Kyber_Client/hash_core_Client/fifo_generator_1/<hidden>/<hidden>/<hidden>/<hidden>/<hidden>/<hidden>/<hidden>
    SLICE_X2Y13          RAMD64E                                      r  Kyber_Client/hash_core_Client/fifo_generator_1/<hidden>/<hidden>/<hidden>/<hidden>/<hidden>/<hidden>/<hidden>
                         clock pessimism             -0.500     1.419    
    SLICE_X2Y13          RAMD64E (Hold_ramd64e_CLK_WADR2)
                                                      0.254     1.673    Kyber_Client/hash_core_Client/fifo_generator_1/<hidden>/<hidden>/<hidden>/<hidden>/<hidden>/<hidden>/<hidden>
  -------------------------------------------------------------------
                         required time                         -1.673    
                         arrival time                           1.766    
  -------------------------------------------------------------------
                         slack                                  0.093    

Slack (MET) :             0.093ns  (arrival time - required time)
  Source:                 Kyber_Client/hash_core_Client/fifo_generator_1/<hidden>/<hidden>/<hidden>/<hidden>/<hidden>/<hidden>
                            (rising edge-triggered cell FDRE clocked by clk  {rise@0.000ns fall@3.000ns period=6.000ns})
  Destination:            Kyber_Client/hash_core_Client/fifo_generator_1/<hidden>/<hidden>/<hidden>/<hidden>/<hidden>/<hidden>/<hidden>
                            (rising edge-triggered cell RAMD64E clocked by clk  {rise@0.000ns fall@3.000ns period=6.000ns})
  Path Group:             clk
  Path Type:              Hold (Min at Fast Process Corner)
  Requirement:            0.000ns  (clk rise@0.000ns - clk rise@0.000ns)
  Data Path Delay:        0.362ns  (logic 0.141ns (38.944%)  route 0.221ns (61.056%))
  Logic Levels:           0  
  Clock Path Skew:        0.015ns (DCD - SCD - CPR)
    Destination Clock Delay (DCD):    1.919ns
    Source Clock Delay      (SCD):    1.404ns
    Clock Pessimism Removal (CPR):    0.500ns

    Location             Delay type                Incr(ns)  Path(ns)    Netlist Resource(s)
  -------------------------------------------------------------------    -------------------
                         (clock clk rise edge)        0.000     0.000 r  
    K18                                               0.000     0.000 r  clk (IN)
                         net (fo=0)                   0.000     0.000    clk
    K18                  IBUF (Prop_ibuf_I_O)         0.160     0.160 r  clk_IBUF_inst/O
                         net (fo=1, routed)           0.631     0.791    clk_IBUF
    BUFGCTRL_X0Y0        BUFG (Prop_bufg_I_O)         0.026     0.817 r  clk_IBUF_BUFG_inst/O
                         net (fo=5357, routed)        0.587     1.404    Kyber_Client/hash_core_Client/fifo_generator_1/<hidden>/<hidden>/<hidden>/<hidden>/<hidden>/<hidden>
    SLICE_X3Y14          FDRE                                         r  Kyber_Client/hash_core_Client/fifo_generator_1/<hidden>/<hidden>/<hidden>/<hidden>/<hidden>/<hidden>
  -------------------------------------------------------------------    -------------------
    SLICE_X3Y14          FDRE (Prop_fdre_C_Q)         0.141     1.545 r  Kyber_Client/hash_core_Client/fifo_generator_1/<hidden>/<hidden>/<hidden>/<hidden>/<hidden>/<hidden>
                         net (fo=162, routed)         0.221     1.766    Kyber_Client/hash_core_Client/fifo_generator_1/<hidden>/<hidden>/<hidden>/<hidden>/<hidden>/<hidden>/<hidden>
    SLICE_X2Y13          RAMD64E                                      r  Kyber_Client/hash_core_Client/fifo_generator_1/<hidden>/<hidden>/<hidden>/<hidden>/<hidden>/<hidden>/<hidden>
  -------------------------------------------------------------------    -------------------

                         (clock clk rise edge)        0.000     0.000 r  
    K18                                               0.000     0.000 r  clk (IN)
                         net (fo=0)                   0.000     0.000    clk
    K18                  IBUF (Prop_ibuf_I_O)         0.348     0.348 r  clk_IBUF_inst/O
                         net (fo=1, routed)           0.685     1.033    clk_IBUF
    BUFGCTRL_X0Y0        BUFG (Prop_bufg_I_O)         0.029     1.062 r  clk_IBUF_BUFG_inst/O
                         net (fo=5357, routed)        0.857     1.919    Kyber_Client/hash_core_Client/fifo_generator_1/<hidden>/<hidden>/<hidden>/<hidden>/<hidden>/<hidden>/<hidden>
    SLICE_X2Y13          RAMD64E                                      r  Kyber_Client/hash_core_Client/fifo_generator_1/<hidden>/<hidden>/<hidden>/<hidden>/<hidden>/<hidden>/<hidden>
                         clock pessimism             -0.500     1.419    
    SLICE_X2Y13          RAMD64E (Hold_ramd64e_CLK_WADR2)
                                                      0.254     1.673    Kyber_Client/hash_core_Client/fifo_generator_1/<hidden>/<hidden>/<hidden>/<hidden>/<hidden>/<hidden>/<hidden>
  -------------------------------------------------------------------
                         required time                         -1.673    
                         arrival time                           1.766    
  -------------------------------------------------------------------
                         slack                                  0.093    

Slack (MET) :             0.093ns  (arrival time - required time)
  Source:                 Kyber_Client/hash_core_Client/fifo_generator_1/<hidden>/<hidden>/<hidden>/<hidden>/<hidden>/<hidden>
                            (rising edge-triggered cell FDRE clocked by clk  {rise@0.000ns fall@3.000ns period=6.000ns})
  Destination:            Kyber_Client/hash_core_Client/fifo_generator_1/<hidden>/<hidden>/<hidden>/<hidden>/<hidden>/<hidden>/<hidden>
                            (rising edge-triggered cell RAMD64E clocked by clk  {rise@0.000ns fall@3.000ns period=6.000ns})
  Path Group:             clk
  Path Type:              Hold (Min at Fast Process Corner)
  Requirement:            0.000ns  (clk rise@0.000ns - clk rise@0.000ns)
  Data Path Delay:        0.362ns  (logic 0.141ns (38.944%)  route 0.221ns (61.056%))
  Logic Levels:           0  
  Clock Path Skew:        0.015ns (DCD - SCD - CPR)
    Destination Clock Delay (DCD):    1.919ns
    Source Clock Delay      (SCD):    1.404ns
    Clock Pessimism Removal (CPR):    0.500ns

    Location             Delay type                Incr(ns)  Path(ns)    Netlist Resource(s)
  -------------------------------------------------------------------    -------------------
                         (clock clk rise edge)        0.000     0.000 r  
    K18                                               0.000     0.000 r  clk (IN)
                         net (fo=0)                   0.000     0.000    clk
    K18                  IBUF (Prop_ibuf_I_O)         0.160     0.160 r  clk_IBUF_inst/O
                         net (fo=1, routed)           0.631     0.791    clk_IBUF
    BUFGCTRL_X0Y0        BUFG (Prop_bufg_I_O)         0.026     0.817 r  clk_IBUF_BUFG_inst/O
                         net (fo=5357, routed)        0.587     1.404    Kyber_Client/hash_core_Client/fifo_generator_1/<hidden>/<hidden>/<hidden>/<hidden>/<hidden>/<hidden>
    SLICE_X3Y14          FDRE                                         r  Kyber_Client/hash_core_Client/fifo_generator_1/<hidden>/<hidden>/<hidden>/<hidden>/<hidden>/<hidden>
  -------------------------------------------------------------------    -------------------
    SLICE_X3Y14          FDRE (Prop_fdre_C_Q)         0.141     1.545 r  Kyber_Client/hash_core_Client/fifo_generator_1/<hidden>/<hidden>/<hidden>/<hidden>/<hidden>/<hidden>
                         net (fo=162, routed)         0.221     1.766    Kyber_Client/hash_core_Client/fifo_generator_1/<hidden>/<hidden>/<hidden>/<hidden>/<hidden>/<hidden>/<hidden>
    SLICE_X2Y13          RAMD64E                                      r  Kyber_Client/hash_core_Client/fifo_generator_1/<hidden>/<hidden>/<hidden>/<hidden>/<hidden>/<hidden>/<hidden>
  -------------------------------------------------------------------    -------------------

                         (clock clk rise edge)        0.000     0.000 r  
    K18                                               0.000     0.000 r  clk (IN)
                         net (fo=0)                   0.000     0.000    clk
    K18                  IBUF (Prop_ibuf_I_O)         0.348     0.348 r  clk_IBUF_inst/O
                         net (fo=1, routed)           0.685     1.033    clk_IBUF
    BUFGCTRL_X0Y0        BUFG (Prop_bufg_I_O)         0.029     1.062 r  clk_IBUF_BUFG_inst/O
                         net (fo=5357, routed)        0.857     1.919    Kyber_Client/hash_core_Client/fifo_generator_1/<hidden>/<hidden>/<hidden>/<hidden>/<hidden>/<hidden>/<hidden>
    SLICE_X2Y13          RAMD64E                                      r  Kyber_Client/hash_core_Client/fifo_generator_1/<hidden>/<hidden>/<hidden>/<hidden>/<hidden>/<hidden>/<hidden>
                         clock pessimism             -0.500     1.419    
    SLICE_X2Y13          RAMD64E (Hold_ramd64e_CLK_WADR2)
                                                      0.254     1.673    Kyber_Client/hash_core_Client/fifo_generator_1/<hidden>/<hidden>/<hidden>/<hidden>/<hidden>/<hidden>/<hidden>
  -------------------------------------------------------------------
                         required time                         -1.673    
                         arrival time                           1.766    
  -------------------------------------------------------------------
                         slack                                  0.093    

Slack (MET) :             0.093ns  (arrival time - required time)
  Source:                 hash/decode/dout_reg[14]/C
                            (rising edge-triggered cell FDRE clocked by clk  {rise@0.000ns fall@3.000ns period=6.000ns})
  Destination:            Kyber_Client/hash_core_Client/fifo_generator_7/<hidden>/<hidden>/<hidden>/<hidden>/<hidden>/<hidden>/<hidden>
                            (rising edge-triggered cell RAMD64E clocked by clk  {rise@0.000ns fall@3.000ns period=6.000ns})
  Path Group:             clk
  Path Type:              Hold (Min at Fast Process Corner)
  Requirement:            0.000ns  (clk rise@0.000ns - clk rise@0.000ns)
  Data Path Delay:        0.252ns  (logic 0.141ns (55.869%)  route 0.111ns (44.131%))
  Logic Levels:           0  
  Clock Path Skew:        0.015ns (DCD - SCD - CPR)
    Destination Clock Delay (DCD):    1.889ns
    Source Clock Delay      (SCD):    1.376ns
    Clock Pessimism Removal (CPR):    0.498ns

    Location             Delay type                Incr(ns)  Path(ns)    Netlist Resource(s)
  -------------------------------------------------------------------    -------------------
                         (clock clk rise edge)        0.000     0.000 r  
    K18                                               0.000     0.000 r  clk (IN)
                         net (fo=0)                   0.000     0.000    clk
    K18                  IBUF (Prop_ibuf_I_O)         0.160     0.160 r  clk_IBUF_inst/O
                         net (fo=1, routed)           0.631     0.791    clk_IBUF
    BUFGCTRL_X0Y0        BUFG (Prop_bufg_I_O)         0.026     0.817 r  clk_IBUF_BUFG_inst/O
                         net (fo=5357, routed)        0.559     1.376    hash/decode/clk_IBUF_BUFG
    SLICE_X15Y14         FDRE                                         r  hash/decode/dout_reg[14]/C
  -------------------------------------------------------------------    -------------------
    SLICE_X15Y14         FDRE (Prop_fdre_C_Q)         0.141     1.517 r  hash/decode/dout_reg[14]/Q
                         net (fo=4, routed)           0.111     1.628    Kyber_Client/hash_core_Client/fifo_generator_7/<hidden>/<hidden>/<hidden>/<hidden>/<hidden>/<hidden>/<hidden>
    SLICE_X12Y13         RAMD64E                                      r  Kyber_Client/hash_core_Client/fifo_generator_7/<hidden>/<hidden>/<hidden>/<hidden>/<hidden>/<hidden>/<hidden>
  -------------------------------------------------------------------    -------------------

                         (clock clk rise edge)        0.000     0.000 r  
    K18                                               0.000     0.000 r  clk (IN)
                         net (fo=0)                   0.000     0.000    clk
    K18                  IBUF (Prop_ibuf_I_O)         0.348     0.348 r  clk_IBUF_inst/O
                         net (fo=1, routed)           0.685     1.033    clk_IBUF
    BUFGCTRL_X0Y0        BUFG (Prop_bufg_I_O)         0.029     1.062 r  clk_IBUF_BUFG_inst/O
                         net (fo=5357, routed)        0.827     1.889    Kyber_Client/hash_core_Client/fifo_generator_7/<hidden>/<hidden>/<hidden>/<hidden>/<hidden>/<hidden>/<hidden>
    SLICE_X12Y13         RAMD64E                                      r  Kyber_Client/hash_core_Client/fifo_generator_7/<hidden>/<hidden>/<hidden>/<hidden>/<hidden>/<hidden>/<hidden>
                         clock pessimism             -0.498     1.391    
    SLICE_X12Y13         RAMD64E (Hold_ramd64e_CLK_I)
                                                      0.144     1.535    Kyber_Client/hash_core_Client/fifo_generator_7/<hidden>/<hidden>/<hidden>/<hidden>/<hidden>/<hidden>/<hidden>
  -------------------------------------------------------------------
                         required time                         -1.535    
                         arrival time                           1.628    
  -------------------------------------------------------------------
                         slack                                  0.093    





Pulse Width Checks
--------------------------------------------------------------------------------------
Clock Name:         clk
Waveform(ns):       { 0.000 3.000 }
Period(ns):         6.000
Sources:            { clk }

Check Type        Corner  Lib Pin             Reference Pin  Required(ns)  Actual(ns)  Slack(ns)  Location      Pin
Min Period        n/a     RAMB18E1/CLKARDCLK  n/a            2.944         6.000       3.056      RAMB18_X0Y5   ntt/RAM0/U0/inst_blk_mem_gen/gnbram.gnativebmg.native_blk_mem_gen/valid.cstr/ramloop[0].ram.r/prim_noinit.ram/DEVICE_7SERIES.NO_BMM_INFO.SDP.WIDE_PRIM18.ram/CLKARDCLK
Min Period        n/a     RAMB18E1/CLKBWRCLK  n/a            2.944         6.000       3.056      RAMB18_X0Y5   ntt/RAM0/U0/inst_blk_mem_gen/gnbram.gnativebmg.native_blk_mem_gen/valid.cstr/ramloop[0].ram.r/prim_noinit.ram/DEVICE_7SERIES.NO_BMM_INFO.SDP.WIDE_PRIM18.ram/CLKBWRCLK
Min Period        n/a     RAMB18E1/CLKARDCLK  n/a            2.944         6.000       3.056      RAMB18_X0Y0   ntt/RAM1/U0/inst_blk_mem_gen/gnbram.gnativebmg.native_blk_mem_gen/valid.cstr/ramloop[0].ram.r/prim_noinit.ram/DEVICE_7SERIES.NO_BMM_INFO.SDP.WIDE_PRIM18.ram/CLKARDCLK
Min Period        n/a     RAMB18E1/CLKBWRCLK  n/a            2.944         6.000       3.056      RAMB18_X0Y0   ntt/RAM1/U0/inst_blk_mem_gen/gnbram.gnativebmg.native_blk_mem_gen/valid.cstr/ramloop[0].ram.r/prim_noinit.ram/DEVICE_7SERIES.NO_BMM_INFO.SDP.WIDE_PRIM18.ram/CLKBWRCLK
Min Period        n/a     RAMB18E1/CLKARDCLK  n/a            2.944         6.000       3.056      RAMB18_X0Y4   ntt/RAM2/U0/inst_blk_mem_gen/gnbram.gnativebmg.native_blk_mem_gen/valid.cstr/ramloop[0].ram.r/prim_noinit.ram/DEVICE_7SERIES.NO_BMM_INFO.SDP.WIDE_PRIM18.ram/CLKARDCLK
Min Period        n/a     RAMB18E1/CLKBWRCLK  n/a            2.944         6.000       3.056      RAMB18_X0Y4   ntt/RAM2/U0/inst_blk_mem_gen/gnbram.gnativebmg.native_blk_mem_gen/valid.cstr/ramloop[0].ram.r/prim_noinit.ram/DEVICE_7SERIES.NO_BMM_INFO.SDP.WIDE_PRIM18.ram/CLKBWRCLK
Min Period        n/a     RAMB18E1/CLKARDCLK  n/a            2.944         6.000       3.056      RAMB18_X0Y1   ntt/RAM3/U0/inst_blk_mem_gen/gnbram.gnativebmg.native_blk_mem_gen/valid.cstr/ramloop[0].ram.r/prim_noinit.ram/DEVICE_7SERIES.NO_BMM_INFO.SDP.WIDE_PRIM18.ram/CLKARDCLK
Min Period        n/a     RAMB18E1/CLKBWRCLK  n/a            2.944         6.000       3.056      RAMB18_X0Y1   ntt/RAM3/U0/inst_blk_mem_gen/gnbram.gnativebmg.native_blk_mem_gen/valid.cstr/ramloop[0].ram.r/prim_noinit.ram/DEVICE_7SERIES.NO_BMM_INFO.SDP.WIDE_PRIM18.ram/CLKBWRCLK
Min Period        n/a     RAMB36E1/CLKARDCLK  n/a            2.944         6.000       3.056      RAMB36_X0Y1   ntt/RAM4/U0/inst_blk_mem_gen/gnbram.gnativebmg.native_blk_mem_gen/valid.cstr/ramloop[0].ram.r/prim_noinit.ram/DEVICE_7SERIES.NO_BMM_INFO.SDP.WIDE_PRIM36_NO_ECC.ram/CLKARDCLK
Min Period        n/a     RAMB36E1/CLKBWRCLK  n/a            2.944         6.000       3.056      RAMB36_X0Y1   ntt/RAM4/U0/inst_blk_mem_gen/gnbram.gnativebmg.native_blk_mem_gen/valid.cstr/ramloop[0].ram.r/prim_noinit.ram/DEVICE_7SERIES.NO_BMM_INFO.SDP.WIDE_PRIM36_NO_ECC.ram/CLKBWRCLK
Low Pulse Width   Slow    RAMD64E/CLK         n/a            1.250         3.000       1.750      SLICE_X28Y15  Kyber_Client/fifo_generator_6/<hidden>/<hidden>/<hidden>/<hidden>/<hidden>/<hidden>/<hidden>
Low Pulse Width   Fast    RAMD64E/CLK         n/a            1.250         3.000       1.750      SLICE_X28Y15  Kyber_Client/fifo_generator_6/<hidden>/<hidden>/<hidden>/<hidden>/<hidden>/<hidden>/<hidden>
Low Pulse Width   Slow    RAMD64E/CLK         n/a            1.250         3.000       1.750      SLICE_X28Y15  Kyber_Client/fifo_generator_6/<hidden>/<hidden>/<hidden>/<hidden>/<hidden>/<hidden>/<hidden>
Low Pulse Width   Fast    RAMD64E/CLK         n/a            1.250         3.000       1.750      SLICE_X28Y15  Kyber_Client/fifo_generator_6/<hidden>/<hidden>/<hidden>/<hidden>/<hidden>/<hidden>/<hidden>
Low Pulse Width   Slow    RAMD64E/CLK         n/a            1.250         3.000       1.750      SLICE_X28Y15  Kyber_Client/fifo_generator_6/<hidden>/<hidden>/<hidden>/<hidden>/<hidden>/<hidden>/<hidden>
Low Pulse Width   Fast    RAMD64E/CLK         n/a            1.250         3.000       1.750      SLICE_X28Y15  Kyber_Client/fifo_generator_6/<hidden>/<hidden>/<hidden>/<hidden>/<hidden>/<hidden>/<hidden>
Low Pulse Width   Slow    RAMD64E/CLK         n/a            1.250         3.000       1.750      SLICE_X28Y15  Kyber_Client/fifo_generator_6/<hidden>/<hidden>/<hidden>/<hidden>/<hidden>/<hidden>/<hidden>
Low Pulse Width   Fast    RAMD64E/CLK         n/a            1.250         3.000       1.750      SLICE_X28Y15  Kyber_Client/fifo_generator_6/<hidden>/<hidden>/<hidden>/<hidden>/<hidden>/<hidden>/<hidden>
Low Pulse Width   Slow    RAMD64E/CLK         n/a            1.250         3.000       1.750      SLICE_X22Y13  Kyber_Client/fifo_generator_6/<hidden>/<hidden>/<hidden>/<hidden>/<hidden>/<hidden>/<hidden>
Low Pulse Width   Fast    RAMD64E/CLK         n/a            1.250         3.000       1.750      SLICE_X22Y13  Kyber_Client/fifo_generator_6/<hidden>/<hidden>/<hidden>/<hidden>/<hidden>/<hidden>/<hidden>
High Pulse Width  Slow    RAMD64E/CLK         n/a            1.250         3.000       1.750      SLICE_X28Y15  Kyber_Client/fifo_generator_6/<hidden>/<hidden>/<hidden>/<hidden>/<hidden>/<hidden>/<hidden>
High Pulse Width  Fast    RAMD64E/CLK         n/a            1.250         3.000       1.750      SLICE_X28Y15  Kyber_Client/fifo_generator_6/<hidden>/<hidden>/<hidden>/<hidden>/<hidden>/<hidden>/<hidden>
High Pulse Width  Slow    RAMD64E/CLK         n/a            1.250         3.000       1.750      SLICE_X28Y15  Kyber_Client/fifo_generator_6/<hidden>/<hidden>/<hidden>/<hidden>/<hidden>/<hidden>/<hidden>
High Pulse Width  Fast    RAMD64E/CLK         n/a            1.250         3.000       1.750      SLICE_X28Y15  Kyber_Client/fifo_generator_6/<hidden>/<hidden>/<hidden>/<hidden>/<hidden>/<hidden>/<hidden>
High Pulse Width  Slow    RAMD64E/CLK         n/a            1.250         3.000       1.750      SLICE_X28Y15  Kyber_Client/fifo_generator_6/<hidden>/<hidden>/<hidden>/<hidden>/<hidden>/<hidden>/<hidden>
High Pulse Width  Fast    RAMD64E/CLK         n/a            1.250         3.000       1.750      SLICE_X28Y15  Kyber_Client/fifo_generator_6/<hidden>/<hidden>/<hidden>/<hidden>/<hidden>/<hidden>/<hidden>
High Pulse Width  Slow    RAMD64E/CLK         n/a            1.250         3.000       1.750      SLICE_X28Y15  Kyber_Client/fifo_generator_6/<hidden>/<hidden>/<hidden>/<hidden>/<hidden>/<hidden>/<hidden>
High Pulse Width  Fast    RAMD64E/CLK         n/a            1.250         3.000       1.750      SLICE_X28Y15  Kyber_Client/fifo_generator_6/<hidden>/<hidden>/<hidden>/<hidden>/<hidden>/<hidden>/<hidden>
High Pulse Width  Slow    RAMD64E/CLK         n/a            1.250         3.000       1.750      SLICE_X22Y13  Kyber_Client/fifo_generator_6/<hidden>/<hidden>/<hidden>/<hidden>/<hidden>/<hidden>/<hidden>
High Pulse Width  Fast    RAMD64E/CLK         n/a            1.250         3.000       1.750      SLICE_X22Y13  Kyber_Client/fifo_generator_6/<hidden>/<hidden>/<hidden>/<hidden>/<hidden>/<hidden>/<hidden>



